Command line invocation:
    /Applications/Xcode.app/Contents/Developer/usr/bin/xcodebuild -project MeiliCompanion.xcodeproj -scheme MeiliCompanion -sdk iphoneos -configuration Release -archivePath build_archive/MeiliCompanion.xcarchive DEVELOPMENT_TEAM=3JJ9M9T6W3 CODE_SIGN_STYLE=Automatic -allowProvisioningUpdates archive

Build settings from command line:
    CODE_SIGN_STYLE = Automatic
    DEVELOPMENT_TEAM = 3JJ9M9T6W3
    SDKROOT = iphoneos26.5

--- xcodebuild: WARNING: Using the first of multiple matching destinations:
{ platform:iOS, id:dvtdevice-DVTiPhonePlaceholder-iphoneos:placeholder, name:Any iOS Device }
{ platform:iOS Simulator, id:dvtdevice-DVTiOSDeviceSimulatorPlaceholder-iphonesimulator:placeholder, name:Any iOS Simulator Device }
{ platform:iOS, arch:arm64, id:00008130-000635193C90001C, name:6月の铃屋什造 }
{ platform:iOS, arch:arm64, id:00008140-00061C8921D1801C, name:iPhone }
{ platform:macOS, arch:arm64, variant:Designed for [iPad,iPhone], id:00006020-000870C814C0C01E, name:My Mac }
{ platform:iOS Simulator, arch:arm64, id:0E69734D-BD42-4393-B780-AA1488EAC330, OS:26.5, name:iPad (A16) }
{ platform:iOS Simulator, arch:arm64, id:A33852DE-7588-48F3-AC7A-8C5D15EF03F1, OS:26.5, name:iPad Air 11-inch (M4) }
{ platform:iOS Simulator, arch:arm64, id:A4547293-1331-49E7-9CCD-E0A7A6A381EF, OS:26.5, name:iPad Air 13-inch (M4) }
{ platform:iOS Simulator, arch:arm64, id:5B6816DD-159F-4BA0-8C6F-2EEB0B2C33A4, OS:26.5, name:iPad Pro 11-inch (M5) }
{ platform:iOS Simulator, arch:arm64, id:4E65918C-36FF-4219-9660-91919FBAC30D, OS:26.5, name:iPad Pro 13-inch (M5) }
{ platform:iOS Simulator, arch:arm64, id:8B138CD8-232D-4653-98A0-C6D2A88493DF, OS:26.5, name:iPad mini (A17 Pro) }
{ platform:iOS Simulator, arch:arm64, id:E1676741-D79B-4F59-A8BF-7A2FEA7F4961, OS:26.5, name:iPhone 17 }
{ platform:iOS Simulator, arch:arm64, id:1B6EFB8E-30F5-4CB8-93EC-914B678F7310, OS:26.5, name:iPhone 17 Pro }
{ platform:iOS Simulator, arch:arm64, id:F05A0202-E007-40BC-A304-5A4312CC9533, OS:26.5, name:iPhone 17 Pro Max }
{ platform:iOS Simulator, arch:arm64, id:A55EC2FC-2729-4A7F-9857-96A0A7AEDA3A, OS:26.5, name:iPhone 17e }
{ platform:iOS Simulator, arch:arm64, id:5AE1528F-AA74-4AE3-B087-96912F1DAAC8, OS:26.5, name:iPhone Air }
ComputePackagePrebuildTargetDependencyGraph

Prepare packages

CreateBuildRequest

SendProjectDescription

CreateBuildOperation

ComputeTargetDependencyGraph
note: Building targets in dependency order
note: Target dependency graph (1 target)
    Target 'MeiliCompanion' in project 'MeiliCompanion' (no dependencies)

GatherProvisioningInputs

CreateBuildDescription

ExecuteExternalTool /Applications/Xcode.app/Contents/Developer/Toolchains/XcodeDefault.xctoolchain/usr/bin/clang -v -E -dM -isysroot /Applications/Xcode.app/Contents/Developer/Platforms/iPhoneOS.platform/Developer/SDKs/iPhoneOS26.5.sdk -x c -c /dev/null

ExecuteExternalTool /Applications/Xcode.app/Contents/Developer/usr/bin/actool --print-asset-tag-combinations --output-format xml1 /Users/ginlater/code/persist创业/sm身美/android/gp-system/ios_app/MeiliCompanion/Sources/Resources/Assets.xcassets

ExecuteExternalTool /Applications/Xcode.app/Contents/Developer/usr/bin/actool --version --output-format xml1

ExecuteExternalTool /Applications/Xcode.app/Contents/Developer/Toolchains/XcodeDefault.xctoolchain/usr/bin/swiftc --version

ExecuteExternalTool /Applications/Xcode.app/Contents/Developer/Toolchains/XcodeDefault.xctoolchain/usr/bin/ld -version_details

Build description signature: 2ced8867b01b5c8e6befff3826b7b193
Build description path: /Users/ginlater/Library/Developer/Xcode/DerivedData/MeiliCompanion-daaipkjjszuugjcavsddayxzipcs/Build/Intermediates.noindex/ArchiveIntermediates/MeiliCompanion/IntermediateBuildFilesPath/XCBuildData/2ced8867b01b5c8e6befff3826b7b193.xcbuilddata
CreateBuildDirectory /Users/ginlater/Library/Developer/Xcode/DerivedData/MeiliCompanion-daaipkjjszuugjcavsddayxzipcs/Build/Intermediates.noindex/ArchiveIntermediates/MeiliCompanion/InstallationBuildProductsLocation
    cd /Users/ginlater/code/persist创业/sm身美/android/gp-system/ios_app/MeiliCompanion/MeiliCompanion.xcodeproj
    builtin-create-build-directory /Users/ginlater/Library/Developer/Xcode/DerivedData/MeiliCompanion-daaipkjjszuugjcavsddayxzipcs/Build/Intermediates.noindex/ArchiveIntermediates/MeiliCompanion/InstallationBuildProductsLocation

ClangStatCache /Applications/Xcode.app/Contents/Developer/Toolchains/XcodeDefault.xctoolchain/usr/bin/clang-stat-cache /Applications/Xcode.app/Contents/Developer/Platforms/iPhoneOS.platform/Developer/SDKs/iPhoneOS26.5.sdk /Users/ginlater/Library/Developer/Xcode/DerivedData/SDKStatCaches.noindex/iphoneos26.5-23F73-32daed1954a7d5dd0789fcaf2a9bb78b.sdkstatcache
    cd /Users/ginlater/code/persist创业/sm身美/android/gp-system/ios_app/MeiliCompanion/MeiliCompanion.xcodeproj
    /Applications/Xcode.app/Contents/Developer/Toolchains/XcodeDefault.xctoolchain/usr/bin/clang-stat-cache /Applications/Xcode.app/Contents/Developer/Platforms/iPhoneOS.platform/Developer/SDKs/iPhoneOS26.5.sdk -o /Users/ginlater/Library/Developer/Xcode/DerivedData/SDKStatCaches.noindex/iphoneos26.5-23F73-32daed1954a7d5dd0789fcaf2a9bb78b.sdkstatcache

CreateBuildDirectory /Users/ginlater/Library/Developer/Xcode/DerivedData/MeiliCompanion-daaipkjjszuugjcavsddayxzipcs/Build/Intermediates.noindex/ArchiveIntermediates/MeiliCompanion/IntermediateBuildFilesPath
    cd /Users/ginlater/code/persist创业/sm身美/android/gp-system/ios_app/MeiliCompanion/MeiliCompanion.xcodeproj
    builtin-create-build-directory /Users/ginlater/Library/Developer/Xcode/DerivedData/MeiliCompanion-daaipkjjszuugjcavsddayxzipcs/Build/Intermediates.noindex/ArchiveIntermediates/MeiliCompanion/IntermediateBuildFilesPath

CreateBuildDirectory /Users/ginlater/Library/Developer/Xcode/DerivedData/MeiliCompanion-daaipkjjszuugjcavsddayxzipcs/Build/Intermediates.noindex/ArchiveIntermediates/MeiliCompanion/BuildProductsPath
    cd /Users/ginlater/code/persist创业/sm身美/android/gp-system/ios_app/MeiliCompanion/MeiliCompanion.xcodeproj
    builtin-create-build-directory /Users/ginlater/Library/Developer/Xcode/DerivedData/MeiliCompanion-daaipkjjszuugjcavsddayxzipcs/Build/Intermediates.noindex/ArchiveIntermediates/MeiliCompanion/BuildProductsPath

CreateBuildDirectory /Users/ginlater/Library/Developer/Xcode/DerivedData/MeiliCompanion-daaipkjjszuugjcavsddayxzipcs/Build/Intermediates.noindex/ArchiveIntermediates/MeiliCompanion/IntermediateBuildFilesPath/SwiftExplicitPrecompiledModules
    cd /Users/ginlater/code/persist创业/sm身美/android/gp-system/ios_app/MeiliCompanion/MeiliCompanion.xcodeproj
    builtin-create-build-directory /Users/ginlater/Library/Developer/Xcode/DerivedData/MeiliCompanion-daaipkjjszuugjcavsddayxzipcs/Build/Intermediates.noindex/ArchiveIntermediates/MeiliCompanion/IntermediateBuildFilesPath/SwiftExplicitPrecompiledModules

CreateBuildDirectory /Users/ginlater/Library/Developer/Xcode/DerivedData/MeiliCompanion-daaipkjjszuugjcavsddayxzipcs/Build/Intermediates.noindex/ArchiveIntermediates/MeiliCompanion/IntermediateBuildFilesPath/ExplicitPrecompiledModules
    cd /Users/ginlater/code/persist创业/sm身美/android/gp-system/ios_app/MeiliCompanion/MeiliCompanion.xcodeproj
    builtin-create-build-directory /Users/ginlater/Library/Developer/Xcode/DerivedData/MeiliCompanion-daaipkjjszuugjcavsddayxzipcs/Build/Intermediates.noindex/ArchiveIntermediates/MeiliCompanion/IntermediateBuildFilesPath/ExplicitPrecompiledModules

CreateBuildDirectory /Users/ginlater/Library/Developer/Xcode/DerivedData/MeiliCompanion-daaipkjjszuugjcavsddayxzipcs/Build/Intermediates.noindex/ArchiveIntermediates/MeiliCompanion/IntermediateBuildFilesPath/EagerLinkingTBDs/Release-iphoneos
    cd /Users/ginlater/code/persist创业/sm身美/android/gp-system/ios_app/MeiliCompanion/MeiliCompanion.xcodeproj
    builtin-create-build-directory /Users/ginlater/Library/Developer/Xcode/DerivedData/MeiliCompanion-daaipkjjszuugjcavsddayxzipcs/Build/Intermediates.noindex/ArchiveIntermediates/MeiliCompanion/IntermediateBuildFilesPath/EagerLinkingTBDs/Release-iphoneos

CreateBuildDirectory /Users/ginlater/Library/Developer/Xcode/DerivedData/MeiliCompanion-daaipkjjszuugjcavsddayxzipcs/Build/Intermediates.noindex/ArchiveIntermediates/MeiliCompanion/BuildProductsPath/Release-iphoneos
    cd /Users/ginlater/code/persist创业/sm身美/android/gp-system/ios_app/MeiliCompanion/MeiliCompanion.xcodeproj
    builtin-create-build-directory /Users/ginlater/Library/Developer/Xcode/DerivedData/MeiliCompanion-daaipkjjszuugjcavsddayxzipcs/Build/Intermediates.noindex/ArchiveIntermediates/MeiliCompanion/BuildProductsPath/Release-iphoneos

WriteAuxiliaryFile /Users/ginlater/Library/Developer/Xcode/DerivedData/MeiliCompanion-daaipkjjszuugjcavsddayxzipcs/Build/Intermediates.noindex/ArchiveIntermediates/MeiliCompanion/IntermediateBuildFilesPath/MeiliCompanion.build/Release-iphoneos/MeiliCompanion-5915e445fb4cf9dc17c8e09bc878d45e-VFS-iphoneos/all-product-headers.yaml
    cd /Users/ginlater/code/persist创业/sm身美/android/gp-system/ios_app/MeiliCompanion/MeiliCompanion.xcodeproj
    write-file /Users/ginlater/Library/Developer/Xcode/DerivedData/MeiliCompanion-daaipkjjszuugjcavsddayxzipcs/Build/Intermediates.noindex/ArchiveIntermediates/MeiliCompanion/IntermediateBuildFilesPath/MeiliCompanion.build/Release-iphoneos/MeiliCompanion-5915e445fb4cf9dc17c8e09bc878d45e-VFS-iphoneos/all-product-headers.yaml

WriteAuxiliaryFile /Users/ginlater/Library/Developer/Xcode/DerivedData/MeiliCompanion-daaipkjjszuugjcavsddayxzipcs/Build/Intermediates.noindex/ArchiveIntermediates/MeiliCompanion/IntermediateBuildFilesPath/MeiliCompanion.build/Release-iphoneos/MeiliCompanion.build/MeiliCompanion-project-headers.hmap (in target 'MeiliCompanion' from project 'MeiliCompanion')
    cd /Users/ginlater/code/persist创业/sm身美/android/gp-system/ios_app/MeiliCompanion
    write-file /Users/ginlater/Library/Developer/Xcode/DerivedData/MeiliCompanion-daaipkjjszuugjcavsddayxzipcs/Build/Intermediates.noindex/ArchiveIntermediates/MeiliCompanion/IntermediateBuildFilesPath/MeiliCompanion.build/Release-iphoneos/MeiliCompanion.build/MeiliCompanion-project-headers.hmap

WriteAuxiliaryFile /Users/ginlater/Library/Developer/Xcode/DerivedData/MeiliCompanion-daaipkjjszuugjcavsddayxzipcs/Build/Intermediates.noindex/ArchiveIntermediates/MeiliCompanion/IntermediateBuildFilesPath/MeiliCompanion.build/Release-iphoneos/MeiliCompanion.build/MeiliCompanion.hmap (in target 'MeiliCompanion' from project 'MeiliCompanion')
    cd /Users/ginlater/code/persist创业/sm身美/android/gp-system/ios_app/MeiliCompanion
    write-file /Users/ginlater/Library/Developer/Xcode/DerivedData/MeiliCompanion-daaipkjjszuugjcavsddayxzipcs/Build/Intermediates.noindex/ArchiveIntermediates/MeiliCompanion/IntermediateBuildFilesPath/MeiliCompanion.build/Release-iphoneos/MeiliCompanion.build/MeiliCompanion.hmap

WriteAuxiliaryFile /Users/ginlater/Library/Developer/Xcode/DerivedData/MeiliCompanion-daaipkjjszuugjcavsddayxzipcs/Build/Intermediates.noindex/ArchiveIntermediates/MeiliCompanion/IntermediateBuildFilesPath/MeiliCompanion.build/Release-iphoneos/MeiliCompanion.build/MeiliCompanion-own-target-headers.hmap (in target 'MeiliCompanion' from project 'MeiliCompanion')
    cd /Users/ginlater/code/persist创业/sm身美/android/gp-system/ios_app/MeiliCompanion
    write-file /Users/ginlater/Library/Developer/Xcode/DerivedData/MeiliCompanion-daaipkjjszuugjcavsddayxzipcs/Build/Intermediates.noindex/ArchiveIntermediates/MeiliCompanion/IntermediateBuildFilesPath/MeiliCompanion.build/Release-iphoneos/MeiliCompanion.build/MeiliCompanion-own-target-headers.hmap

WriteAuxiliaryFile /Users/ginlater/Library/Developer/Xcode/DerivedData/MeiliCompanion-daaipkjjszuugjcavsddayxzipcs/Build/Intermediates.noindex/ArchiveIntermediates/MeiliCompanion/IntermediateBuildFilesPath/MeiliCompanion.build/Release-iphoneos/MeiliCompanion.build/MeiliCompanion-all-non-framework-target-headers.hmap (in target 'MeiliCompanion' from project 'MeiliCompanion')
    cd /Users/ginlater/code/persist创业/sm身美/android/gp-system/ios_app/MeiliCompanion
    write-file /Users/ginlater/Library/Developer/Xcode/DerivedData/MeiliCompanion-daaipkjjszuugjcavsddayxzipcs/Build/Intermediates.noindex/ArchiveIntermediates/MeiliCompanion/IntermediateBuildFilesPath/MeiliCompanion.build/Release-iphoneos/MeiliCompanion.build/MeiliCompanion-all-non-framework-target-headers.hmap

WriteAuxiliaryFile /Users/ginlater/Library/Developer/Xcode/DerivedData/MeiliCompanion-daaipkjjszuugjcavsddayxzipcs/Build/Intermediates.noindex/ArchiveIntermediates/MeiliCompanion/IntermediateBuildFilesPath/MeiliCompanion.build/Release-iphoneos/MeiliCompanion.build/MeiliCompanion-generated-files.hmap (in target 'MeiliCompanion' from project 'MeiliCompanion')
    cd /Users/ginlater/code/persist创业/sm身美/android/gp-system/ios_app/MeiliCompanion
    write-file /Users/ginlater/Library/Developer/Xcode/DerivedData/MeiliCompanion-daaipkjjszuugjcavsddayxzipcs/Build/Intermediates.noindex/ArchiveIntermediates/MeiliCompanion/IntermediateBuildFilesPath/MeiliCompanion.build/Release-iphoneos/MeiliCompanion.build/MeiliCompanion-generated-files.hmap

WriteAuxiliaryFile /Users/ginlater/Library/Developer/Xcode/DerivedData/MeiliCompanion-daaipkjjszuugjcavsddayxzipcs/Build/Intermediates.noindex/ArchiveIntermediates/MeiliCompanion/IntermediateBuildFilesPath/MeiliCompanion.build/Release-iphoneos/MeiliCompanion.build/MeiliCompanion-all-target-headers.hmap (in target 'MeiliCompanion' from project 'MeiliCompanion')
    cd /Users/ginlater/code/persist创业/sm身美/android/gp-system/ios_app/MeiliCompanion
    write-file /Users/ginlater/Library/Developer/Xcode/DerivedData/MeiliCompanion-daaipkjjszuugjcavsddayxzipcs/Build/Intermediates.noindex/ArchiveIntermediates/MeiliCompanion/IntermediateBuildFilesPath/MeiliCompanion.build/Release-iphoneos/MeiliCompanion.build/MeiliCompanion-all-target-headers.hmap

WriteAuxiliaryFile /Users/ginlater/Library/Developer/Xcode/DerivedData/MeiliCompanion-daaipkjjszuugjcavsddayxzipcs/Build/Intermediates.noindex/ArchiveIntermediates/MeiliCompanion/IntermediateBuildFilesPath/MeiliCompanion.build/Release-iphoneos/MeiliCompanion.build/Objects-normal/arm64/MeiliCompanion.LinkFileList (in target 'MeiliCompanion' from project 'MeiliCompanion')
    cd /Users/ginlater/code/persist创业/sm身美/android/gp-system/ios_app/MeiliCompanion
    write-file /Users/ginlater/Library/Developer/Xcode/DerivedData/MeiliCompanion-daaipkjjszuugjcavsddayxzipcs/Build/Intermediates.noindex/ArchiveIntermediates/MeiliCompanion/IntermediateBuildFilesPath/MeiliCompanion.build/Release-iphoneos/MeiliCompanion.build/Objects-normal/arm64/MeiliCompanion.LinkFileList

WriteAuxiliaryFile /Users/ginlater/Library/Developer/Xcode/DerivedData/MeiliCompanion-daaipkjjszuugjcavsddayxzipcs/Build/Intermediates.noindex/ArchiveIntermediates/MeiliCompanion/IntermediateBuildFilesPath/MeiliCompanion.build/Release-iphoneos/MeiliCompanion.build/Objects-normal/arm64/MeiliCompanion-OutputFileMap.json (in target 'MeiliCompanion' from project 'MeiliCompanion')
    cd /Users/ginlater/code/persist创业/sm身美/android/gp-system/ios_app/MeiliCompanion
    write-file /Users/ginlater/Library/Developer/Xcode/DerivedData/MeiliCompanion-daaipkjjszuugjcavsddayxzipcs/Build/Intermediates.noindex/ArchiveIntermediates/MeiliCompanion/IntermediateBuildFilesPath/MeiliCompanion.build/Release-iphoneos/MeiliCompanion.build/Objects-normal/arm64/MeiliCompanion-OutputFileMap.json

WriteAuxiliaryFile /Users/ginlater/Library/Developer/Xcode/DerivedData/MeiliCompanion-daaipkjjszuugjcavsddayxzipcs/Build/Intermediates.noindex/ArchiveIntermediates/MeiliCompanion/IntermediateBuildFilesPath/MeiliCompanion.build/Release-iphoneos/MeiliCompanion.build/DerivedSources/Entitlements.plist (in target 'MeiliCompanion' from project 'MeiliCompanion')
    cd /Users/ginlater/code/persist创业/sm身美/android/gp-system/ios_app/MeiliCompanion
    write-file /Users/ginlater/Library/Developer/Xcode/DerivedData/MeiliCompanion-daaipkjjszuugjcavsddayxzipcs/Build/Intermediates.noindex/ArchiveIntermediates/MeiliCompanion/IntermediateBuildFilesPath/MeiliCompanion.build/Release-iphoneos/MeiliCompanion.build/DerivedSources/Entitlements.plist

WriteAuxiliaryFile /Users/ginlater/Library/Developer/Xcode/DerivedData/MeiliCompanion-daaipkjjszuugjcavsddayxzipcs/Build/Intermediates.noindex/ArchiveIntermediates/MeiliCompanion/IntermediateBuildFilesPath/MeiliCompanion.build/Release-iphoneos/MeiliCompanion.build/Objects-normal/arm64/MeiliCompanion_const_extract_protocols.json (in target 'MeiliCompanion' from project 'MeiliCompanion')
    cd /Users/ginlater/code/persist创业/sm身美/android/gp-system/ios_app/MeiliCompanion
    write-file /Users/ginlater/Library/Developer/Xcode/DerivedData/MeiliCompanion-daaipkjjszuugjcavsddayxzipcs/Build/Intermediates.noindex/ArchiveIntermediates/MeiliCompanion/IntermediateBuildFilesPath/MeiliCompanion.build/Release-iphoneos/MeiliCompanion.build/Objects-normal/arm64/MeiliCompanion_const_extract_protocols.json

WriteAuxiliaryFile /Users/ginlater/Library/Developer/Xcode/DerivedData/MeiliCompanion-daaipkjjszuugjcavsddayxzipcs/Build/Intermediates.noindex/ArchiveIntermediates/MeiliCompanion/IntermediateBuildFilesPath/MeiliCompanion.build/Release-iphoneos/MeiliCompanion.build/Objects-normal/arm64/MeiliCompanion.SwiftFileList (in target 'MeiliCompanion' from project 'MeiliCompanion')
    cd /Users/ginlater/code/persist创业/sm身美/android/gp-system/ios_app/MeiliCompanion
    write-file /Users/ginlater/Library/Developer/Xcode/DerivedData/MeiliCompanion-daaipkjjszuugjcavsddayxzipcs/Build/Intermediates.noindex/ArchiveIntermediates/MeiliCompanion/IntermediateBuildFilesPath/MeiliCompanion.build/Release-iphoneos/MeiliCompanion.build/Objects-normal/arm64/MeiliCompanion.SwiftFileList

WriteAuxiliaryFile /Users/ginlater/Library/Developer/Xcode/DerivedData/MeiliCompanion-daaipkjjszuugjcavsddayxzipcs/Build/Intermediates.noindex/ArchiveIntermediates/MeiliCompanion/IntermediateBuildFilesPath/MeiliCompanion.build/Release-iphoneos/MeiliCompanion.build/Objects-normal/arm64/MeiliCompanion.SwiftConstValuesFileList (in target 'MeiliCompanion' from project 'MeiliCompanion')
    cd /Users/ginlater/code/persist创业/sm身美/android/gp-system/ios_app/MeiliCompanion
    write-file /Users/ginlater/Library/Developer/Xcode/DerivedData/MeiliCompanion-daaipkjjszuugjcavsddayxzipcs/Build/Intermediates.noindex/ArchiveIntermediates/MeiliCompanion/IntermediateBuildFilesPath/MeiliCompanion.build/Release-iphoneos/MeiliCompanion.build/Objects-normal/arm64/MeiliCompanion.SwiftConstValuesFileList

WriteAuxiliaryFile /Users/ginlater/Library/Developer/Xcode/DerivedData/MeiliCompanion-daaipkjjszuugjcavsddayxzipcs/Build/Intermediates.noindex/ArchiveIntermediates/MeiliCompanion/IntermediateBuildFilesPath/MeiliCompanion.build/Release-iphoneos/MeiliCompanion.build/MeiliCompanion.DependencyStaticMetadataFileList (in target 'MeiliCompanion' from project 'MeiliCompanion')
    cd /Users/ginlater/code/persist创业/sm身美/android/gp-system/ios_app/MeiliCompanion
    write-file /Users/ginlater/Library/Developer/Xcode/DerivedData/MeiliCompanion-daaipkjjszuugjcavsddayxzipcs/Build/Intermediates.noindex/ArchiveIntermediates/MeiliCompanion/IntermediateBuildFilesPath/MeiliCompanion.build/Release-iphoneos/MeiliCompanion.build/MeiliCompanion.DependencyStaticMetadataFileList

WriteAuxiliaryFile /Users/ginlater/Library/Developer/Xcode/DerivedData/MeiliCompanion-daaipkjjszuugjcavsddayxzipcs/Build/Intermediates.noindex/ArchiveIntermediates/MeiliCompanion/IntermediateBuildFilesPath/MeiliCompanion.build/Release-iphoneos/MeiliCompanion.build/MeiliCompanion.DependencyMetadataFileList (in target 'MeiliCompanion' from project 'MeiliCompanion')
    cd /Users/ginlater/code/persist创业/sm身美/android/gp-system/ios_app/MeiliCompanion
    write-file /Users/ginlater/Library/Developer/Xcode/DerivedData/MeiliCompanion-daaipkjjszuugjcavsddayxzipcs/Build/Intermediates.noindex/ArchiveIntermediates/MeiliCompanion/IntermediateBuildFilesPath/MeiliCompanion.build/Release-iphoneos/MeiliCompanion.build/MeiliCompanion.DependencyMetadataFileList

SymLink /Users/ginlater/Library/Developer/Xcode/DerivedData/MeiliCompanion-daaipkjjszuugjcavsddayxzipcs/Build/Intermediates.noindex/ArchiveIntermediates/MeiliCompanion/BuildProductsPath/Release-iphoneos/MeiliCompanion.app ../../InstallationBuildProductsLocation/Applications/MeiliCompanion.app (in target 'MeiliCompanion' from project 'MeiliCompanion')
    cd /Users/ginlater/code/persist创业/sm身美/android/gp-system/ios_app/MeiliCompanion
    /bin/ln -sfh ../../InstallationBuildProductsLocation/Applications/MeiliCompanion.app /Users/ginlater/Library/Developer/Xcode/DerivedData/MeiliCompanion-daaipkjjszuugjcavsddayxzipcs/Build/Intermediates.noindex/ArchiveIntermediates/MeiliCompanion/BuildProductsPath/Release-iphoneos/MeiliCompanion.app

MkDir /Users/ginlater/Library/Developer/Xcode/DerivedData/MeiliCompanion-daaipkjjszuugjcavsddayxzipcs/Build/Intermediates.noindex/ArchiveIntermediates/MeiliCompanion/InstallationBuildProductsLocation/Applications/MeiliCompanion.app (in target 'MeiliCompanion' from project 'MeiliCompanion')
    cd /Users/ginlater/code/persist创业/sm身美/android/gp-system/ios_app/MeiliCompanion
    /bin/mkdir -p /Users/ginlater/Library/Developer/Xcode/DerivedData/MeiliCompanion-daaipkjjszuugjcavsddayxzipcs/Build/Intermediates.noindex/ArchiveIntermediates/MeiliCompanion/InstallationBuildProductsLocation/Applications/MeiliCompanion.app

ProcessProductPackaging /Users/ginlater/Library/Developer/Xcode/UserData/Provisioning\ Profiles/05fa538a-b7af-4325-9937-c049f20cd8a6.mobileprovision /Users/ginlater/Library/Developer/Xcode/DerivedData/MeiliCompanion-daaipkjjszuugjcavsddayxzipcs/Build/Intermediates.noindex/ArchiveIntermediates/MeiliCompanion/InstallationBuildProductsLocation/Applications/MeiliCompanion.app/embedded.mobileprovision (in target 'MeiliCompanion' from project 'MeiliCompanion')
    cd /Users/ginlater/code/persist创业/sm身美/android/gp-system/ios_app/MeiliCompanion
    builtin-productPackagingUtility /Users/ginlater/Library/Developer/Xcode/UserData/Provisioning\ Profiles/05fa538a-b7af-4325-9937-c049f20cd8a6.mobileprovision -o /Users/ginlater/Library/Developer/Xcode/DerivedData/MeiliCompanion-daaipkjjszuugjcavsddayxzipcs/Build/Intermediates.noindex/ArchiveIntermediates/MeiliCompanion/InstallationBuildProductsLocation/Applications/MeiliCompanion.app/embedded.mobileprovision

ProcessProductPackaging /Users/ginlater/code/persist创业/sm身美/android/gp-system/ios_app/MeiliCompanion/MeiliCompanion.entitlements /Users/ginlater/Library/Developer/Xcode/DerivedData/MeiliCompanion-daaipkjjszuugjcavsddayxzipcs/Build/Intermediates.noindex/ArchiveIntermediates/MeiliCompanion/IntermediateBuildFilesPath/MeiliCompanion.build/Release-iphoneos/MeiliCompanion.build/MeiliCompanion.app.xcent (in target 'MeiliCompanion' from project 'MeiliCompanion')
    cd /Users/ginlater/code/persist创业/sm身美/android/gp-system/ios_app/MeiliCompanion
    
    Entitlements:
    
    {
    "application-identifier" = "3JJ9M9T6W3.com.aibeautyfulwomen.gongpai.ios";
    "com.apple.developer.team-identifier" = 3JJ9M9T6W3;
    "get-task-allow" = 1;
    "keychain-access-groups" =     (
        "3JJ9M9T6W3.com.aibeautyfulwomen.gongpai.ios"
    );
}
    
    builtin-productPackagingUtility /Users/ginlater/code/persist创业/sm身美/android/gp-system/ios_app/MeiliCompanion/MeiliCompanion.entitlements -entitlements -format xml -o /Users/ginlater/Library/Developer/Xcode/DerivedData/MeiliCompanion-daaipkjjszuugjcavsddayxzipcs/Build/Intermediates.noindex/ArchiveIntermediates/MeiliCompanion/IntermediateBuildFilesPath/MeiliCompanion.build/Release-iphoneos/MeiliCompanion.build/MeiliCompanion.app.xcent

ProcessProductPackagingDER /Users/ginlater/Library/Developer/Xcode/DerivedData/MeiliCompanion-daaipkjjszuugjcavsddayxzipcs/Build/Intermediates.noindex/ArchiveIntermediates/MeiliCompanion/IntermediateBuildFilesPath/MeiliCompanion.build/Release-iphoneos/MeiliCompanion.build/MeiliCompanion.app.xcent /Users/ginlater/Library/Developer/Xcode/DerivedData/MeiliCompanion-daaipkjjszuugjcavsddayxzipcs/Build/Intermediates.noindex/ArchiveIntermediates/MeiliCompanion/IntermediateBuildFilesPath/MeiliCompanion.build/Release-iphoneos/MeiliCompanion.build/MeiliCompanion.app.xcent.der (in target 'MeiliCompanion' from project 'MeiliCompanion')
    cd /Users/ginlater/code/persist创业/sm身美/android/gp-system/ios_app/MeiliCompanion
    /usr/bin/derq query -f xml -i /Users/ginlater/Library/Developer/Xcode/DerivedData/MeiliCompanion-daaipkjjszuugjcavsddayxzipcs/Build/Intermediates.noindex/ArchiveIntermediates/MeiliCompanion/IntermediateBuildFilesPath/MeiliCompanion.build/Release-iphoneos/MeiliCompanion.build/MeiliCompanion.app.xcent -o /Users/ginlater/Library/Developer/Xcode/DerivedData/MeiliCompanion-daaipkjjszuugjcavsddayxzipcs/Build/Intermediates.noindex/ArchiveIntermediates/MeiliCompanion/IntermediateBuildFilesPath/MeiliCompanion.build/Release-iphoneos/MeiliCompanion.build/MeiliCompanion.app.xcent.der --raw

GenerateAssetSymbols /Users/ginlater/code/persist创业/sm身美/android/gp-system/ios_app/MeiliCompanion/Sources/Resources/Assets.xcassets (in target 'MeiliCompanion' from project 'MeiliCompanion')
    cd /Users/ginlater/code/persist创业/sm身美/android/gp-system/ios_app/MeiliCompanion
    /Applications/Xcode.app/Contents/Developer/usr/bin/actool /Users/ginlater/code/persist创业/sm身美/android/gp-system/ios_app/MeiliCompanion/Sources/Resources/Assets.xcassets --compile /Users/ginlater/Library/Developer/Xcode/DerivedData/MeiliCompanion-daaipkjjszuugjcavsddayxzipcs/Build/Intermediates.noindex/ArchiveIntermediates/MeiliCompanion/InstallationBuildProductsLocation/Applications/MeiliCompanion.app --output-format human-readable-text --notices --warnings --export-dependency-info /Users/ginlater/Library/Developer/Xcode/DerivedData/MeiliCompanion-daaipkjjszuugjcavsddayxzipcs/Build/Intermediates.noindex/ArchiveIntermediates/MeiliCompanion/IntermediateBuildFilesPath/MeiliCompanion.build/Release-iphoneos/MeiliCompanion.build/assetcatalog_dependencies --output-partial-info-plist /Users/ginlater/Library/Developer/Xcode/DerivedData/MeiliCompanion-daaipkjjszuugjcavsddayxzipcs/Build/Intermediates.noindex/ArchiveIntermediates/MeiliCompanion/IntermediateBuildFilesPath/MeiliCompanion.build/Release-iphoneos/MeiliCompanion.build/assetcatalog_generated_info.plist --app-icon AppIcon --accent-color AccentColor --compress-pngs --enable-on-demand-resources YES --development-region zh-Hans --target-device iphone --minimum-deployment-target 16.0 --platform iphoneos --bundle-identifier com.aibeautyfulwomen.gongpai.ios --generate-swift-asset-symbol-extensions NO --generate-swift-asset-symbols /Users/ginlater/Library/Developer/Xcode/DerivedData/MeiliCompanion-daaipkjjszuugjcavsddayxzipcs/Build/Intermediates.noindex/ArchiveIntermediates/MeiliCompanion/IntermediateBuildFilesPath/MeiliCompanion.build/Release-iphoneos/MeiliCompanion.build/DerivedSources/GeneratedAssetSymbols.swift --generate-objc-asset-symbols /Users/ginlater/Library/Developer/Xcode/DerivedData/MeiliCompanion-daaipkjjszuugjcavsddayxzipcs/Build/Intermediates.noindex/ArchiveIntermediates/MeiliCompanion/IntermediateBuildFilesPath/MeiliCompanion.build/Release-iphoneos/MeiliCompanion.build/DerivedSources/GeneratedAssetSymbols.h --generate-asset-symbol-index /Users/ginlater/Library/Developer/Xcode/DerivedData/MeiliCompanion-daaipkjjszuugjcavsddayxzipcs/Build/Intermediates.noindex/ArchiveIntermediates/MeiliCompanion/IntermediateBuildFilesPath/MeiliCompanion.build/Release-iphoneos/MeiliCompanion.build/DerivedSources/GeneratedAssetSymbols-Index.plist
/* com.apple.actool.compilation-results */
/Users/ginlater/Library/Developer/Xcode/DerivedData/MeiliCompanion-daaipkjjszuugjcavsddayxzipcs/Build/Intermediates.noindex/ArchiveIntermediates/MeiliCompanion/IntermediateBuildFilesPath/MeiliCompanion.build/Release-iphoneos/MeiliCompanion.build/DerivedSources/GeneratedAssetSymbols-Index.plist
/Users/ginlater/Library/Developer/Xcode/DerivedData/MeiliCompanion-daaipkjjszuugjcavsddayxzipcs/Build/Intermediates.noindex/ArchiveIntermediates/MeiliCompanion/IntermediateBuildFilesPath/MeiliCompanion.build/Release-iphoneos/MeiliCompanion.build/DerivedSources/GeneratedAssetSymbols.h
/Users/ginlater/Library/Developer/Xcode/DerivedData/MeiliCompanion-daaipkjjszuugjcavsddayxzipcs/Build/Intermediates.noindex/ArchiveIntermediates/MeiliCompanion/IntermediateBuildFilesPath/MeiliCompanion.build/Release-iphoneos/MeiliCompanion.build/DerivedSources/GeneratedAssetSymbols.swift


MkDir /Users/ginlater/Library/Developer/Xcode/DerivedData/MeiliCompanion-daaipkjjszuugjcavsddayxzipcs/Build/Intermediates.noindex/ArchiveIntermediates/MeiliCompanion/IntermediateBuildFilesPath/MeiliCompanion.build/Release-iphoneos/MeiliCompanion.build/assetcatalog_output/unthinned (in target 'MeiliCompanion' from project 'MeiliCompanion')
    cd /Users/ginlater/code/persist创业/sm身美/android/gp-system/ios_app/MeiliCompanion
    /bin/mkdir -p /Users/ginlater/Library/Developer/Xcode/DerivedData/MeiliCompanion-daaipkjjszuugjcavsddayxzipcs/Build/Intermediates.noindex/ArchiveIntermediates/MeiliCompanion/IntermediateBuildFilesPath/MeiliCompanion.build/Release-iphoneos/MeiliCompanion.build/assetcatalog_output/unthinned

MkDir /Users/ginlater/Library/Developer/Xcode/DerivedData/MeiliCompanion-daaipkjjszuugjcavsddayxzipcs/Build/Intermediates.noindex/ArchiveIntermediates/MeiliCompanion/IntermediateBuildFilesPath/MeiliCompanion.build/Release-iphoneos/MeiliCompanion.build/assetcatalog_output/thinned (in target 'MeiliCompanion' from project 'MeiliCompanion')
    cd /Users/ginlater/code/persist创业/sm身美/android/gp-system/ios_app/MeiliCompanion
    /bin/mkdir -p /Users/ginlater/Library/Developer/Xcode/DerivedData/MeiliCompanion-daaipkjjszuugjcavsddayxzipcs/Build/Intermediates.noindex/ArchiveIntermediates/MeiliCompanion/IntermediateBuildFilesPath/MeiliCompanion.build/Release-iphoneos/MeiliCompanion.build/assetcatalog_output/thinned

CompileAssetCatalogVariant thinned /Users/ginlater/Library/Developer/Xcode/DerivedData/MeiliCompanion-daaipkjjszuugjcavsddayxzipcs/Build/Intermediates.noindex/ArchiveIntermediates/MeiliCompanion/InstallationBuildProductsLocation/Applications/MeiliCompanion.app /Users/ginlater/code/persist创业/sm身美/android/gp-system/ios_app/MeiliCompanion/Sources/Resources/Assets.xcassets (in target 'MeiliCompanion' from project 'MeiliCompanion')
    cd /Users/ginlater/code/persist创业/sm身美/android/gp-system/ios_app/MeiliCompanion
    /Applications/Xcode.app/Contents/Developer/usr/bin/actool /Users/ginlater/code/persist创业/sm身美/android/gp-system/ios_app/MeiliCompanion/Sources/Resources/Assets.xcassets --compile /Users/ginlater/Library/Developer/Xcode/DerivedData/MeiliCompanion-daaipkjjszuugjcavsddayxzipcs/Build/Intermediates.noindex/ArchiveIntermediates/MeiliCompanion/IntermediateBuildFilesPath/MeiliCompanion.build/Release-iphoneos/MeiliCompanion.build/assetcatalog_output/thinned --output-format human-readable-text --notices --warnings --export-dependency-info /Users/ginlater/Library/Developer/Xcode/DerivedData/MeiliCompanion-daaipkjjszuugjcavsddayxzipcs/Build/Intermediates.noindex/ArchiveIntermediates/MeiliCompanion/IntermediateBuildFilesPath/MeiliCompanion.build/Release-iphoneos/MeiliCompanion.build/assetcatalog_dependencies_thinned --output-partial-info-plist /Users/ginlater/Library/Developer/Xcode/DerivedData/MeiliCompanion-daaipkjjszuugjcavsddayxzipcs/Build/Intermediates.noindex/ArchiveIntermediates/MeiliCompanion/IntermediateBuildFilesPath/MeiliCompanion.build/Release-iphoneos/MeiliCompanion.build/assetcatalog_generated_info.plist_thinned --app-icon AppIcon --accent-color AccentColor --compress-pngs --enable-on-demand-resources YES --development-region zh-Hans --target-device iphone --minimum-deployment-target 16.0 --platform iphoneos
/* com.apple.actool.compilation-results */
/Users/ginlater/Library/Developer/Xcode/DerivedData/MeiliCompanion-daaipkjjszuugjcavsddayxzipcs/Build/Intermediates.noindex/ArchiveIntermediates/MeiliCompanion/IntermediateBuildFilesPath/MeiliCompanion.build/Release-iphoneos/MeiliCompanion.build/assetcatalog_generated_info.plist_thinned
/Users/ginlater/Library/Developer/Xcode/DerivedData/MeiliCompanion-daaipkjjszuugjcavsddayxzipcs/Build/Intermediates.noindex/ArchiveIntermediates/MeiliCompanion/IntermediateBuildFilesPath/MeiliCompanion.build/Release-iphoneos/MeiliCompanion.build/assetcatalog_output/thinned/AppIcon60x60@2x.png
/Users/ginlater/Library/Developer/Xcode/DerivedData/MeiliCompanion-daaipkjjszuugjcavsddayxzipcs/Build/Intermediates.noindex/ArchiveIntermediates/MeiliCompanion/IntermediateBuildFilesPath/MeiliCompanion.build/Release-iphoneos/MeiliCompanion.build/assetcatalog_output/thinned/AppIcon76x76@2x~ipad.png
/Users/ginlater/Library/Developer/Xcode/DerivedData/MeiliCompanion-daaipkjjszuugjcavsddayxzipcs/Build/Intermediates.noindex/ArchiveIntermediates/MeiliCompanion/IntermediateBuildFilesPath/MeiliCompanion.build/Release-iphoneos/MeiliCompanion.build/assetcatalog_output/thinned/Assets.car


SwiftDriver MeiliCompanion normal arm64 com.apple.xcode.tools.swift.compiler (in target 'MeiliCompanion' from project 'MeiliCompanion')
    cd /Users/ginlater/code/persist创业/sm身美/android/gp-system/ios_app/MeiliCompanion
    builtin-SwiftDriver -- /Applications/Xcode.app/Contents/Developer/Toolchains/XcodeDefault.xctoolchain/usr/bin/swiftc -module-name MeiliCompanion -O -whole-module-optimization @/Users/ginlater/Library/Developer/Xcode/DerivedData/MeiliCompanion-daaipkjjszuugjcavsddayxzipcs/Build/Intermediates.noindex/ArchiveIntermediates/MeiliCompanion/IntermediateBuildFilesPath/MeiliCompanion.build/Release-iphoneos/MeiliCompanion.build/Objects-normal/arm64/MeiliCompanion.SwiftFileList -enable-bare-slash-regex -enable-experimental-feature DebugDescriptionMacro -sdk /Applications/Xcode.app/Contents/Developer/Platforms/iPhoneOS.platform/Developer/SDKs/iPhoneOS26.5.sdk -target arm64-apple-ios16.0 -g -module-cache-path /Users/ginlater/Library/Developer/Xcode/DerivedData/ModuleCache.noindex -Xfrontend -serialize-debugging-options -swift-version 5 -I /Users/ginlater/Library/Developer/Xcode/DerivedData/MeiliCompanion-daaipkjjszuugjcavsddayxzipcs/Build/Intermediates.noindex/ArchiveIntermediates/MeiliCompanion/BuildProductsPath/Release-iphoneos -F /Users/ginlater/Library/Developer/Xcode/DerivedData/MeiliCompanion-daaipkjjszuugjcavsddayxzipcs/Build/Intermediates.noindex/ArchiveIntermediates/MeiliCompanion/BuildProductsPath/Release-iphoneos -c -num-threads 12 -Xcc -ivfsstatcache -Xcc /Users/ginlater/Library/Developer/Xcode/DerivedData/SDKStatCaches.noindex/iphoneos26.5-23F73-32daed1954a7d5dd0789fcaf2a9bb78b.sdkstatcache -output-file-map /Users/ginlater/Library/Developer/Xcode/DerivedData/MeiliCompanion-daaipkjjszuugjcavsddayxzipcs/Build/Intermediates.noindex/ArchiveIntermediates/MeiliCompanion/IntermediateBuildFilesPath/MeiliCompanion.build/Release-iphoneos/MeiliCompanion.build/Objects-normal/arm64/MeiliCompanion-OutputFileMap.json -use-frontend-parseable-output -save-temps -no-color-diagnostics -explicit-module-build -module-cache-path /Users/ginlater/Library/Developer/Xcode/DerivedData/MeiliCompanion-daaipkjjszuugjcavsddayxzipcs/Build/Intermediates.noindex/ArchiveIntermediates/MeiliCompanion/IntermediateBuildFilesPath/SwiftExplicitPrecompiledModules -clang-scanner-module-cache-path /Users/ginlater/Library/Developer/Xcode/DerivedData/ModuleCache.noindex -sdk-module-cache-path /Users/ginlater/Library/Developer/Xcode/DerivedData/ModuleCache.noindex -serialize-diagnostics -emit-dependencies -emit-module -emit-module-path /Users/ginlater/Library/Developer/Xcode/DerivedData/MeiliCompanion-daaipkjjszuugjcavsddayxzipcs/Build/Intermediates.noindex/ArchiveIntermediates/MeiliCompanion/IntermediateBuildFilesPath/MeiliCompanion.build/Release-iphoneos/MeiliCompanion.build/Objects-normal/arm64/MeiliCompanion.swiftmodule -validate-clang-modules-once -clang-build-session-file /Users/ginlater/Library/Developer/Xcode/DerivedData/ModuleCache.noindex/Session.modulevalidation -Xcc -I/Users/ginlater/Library/Developer/Xcode/DerivedData/MeiliCompanion-daaipkjjszuugjcavsddayxzipcs/Build/Intermediates.noindex/ArchiveIntermediates/MeiliCompanion/IntermediateBuildFilesPath/MeiliCompanion.build/Release-iphoneos/MeiliCompanion.build/swift-overrides.hmap -emit-const-values -Xfrontend -const-gather-protocols-file -Xfrontend /Users/ginlater/Library/Developer/Xcode/DerivedData/MeiliCompanion-daaipkjjszuugjcavsddayxzipcs/Build/Intermediates.noindex/ArchiveIntermediates/MeiliCompanion/IntermediateBuildFilesPath/MeiliCompanion.build/Release-iphoneos/MeiliCompanion.build/Objects-normal/arm64/MeiliCompanion_const_extract_protocols.json -Xcc -iquote -Xcc /Users/ginlater/Library/Developer/Xcode/DerivedData/MeiliCompanion-daaipkjjszuugjcavsddayxzipcs/Build/Intermediates.noindex/ArchiveIntermediates/MeiliCompanion/IntermediateBuildFilesPath/MeiliCompanion.build/Release-iphoneos/MeiliCompanion.build/MeiliCompanion-generated-files.hmap -Xcc -I/Users/ginlater/Library/Developer/Xcode/DerivedData/MeiliCompanion-daaipkjjszuugjcavsddayxzipcs/Build/Intermediates.noindex/ArchiveIntermediates/MeiliCompanion/IntermediateBuildFilesPath/MeiliCompanion.build/Release-iphoneos/MeiliCompanion.build/MeiliCompanion-own-target-headers.hmap -Xcc -I/Users/ginlater/Library/Developer/Xcode/DerivedData/MeiliCompanion-daaipkjjszuugjcavsddayxzipcs/Build/Intermediates.noindex/ArchiveIntermediates/MeiliCompanion/IntermediateBuildFilesPath/MeiliCompanion.build/Release-iphoneos/MeiliCompanion.build/MeiliCompanion-all-target-headers.hmap -Xcc -iquote -Xcc /Users/ginlater/Library/Developer/Xcode/DerivedData/MeiliCompanion-daaipkjjszuugjcavsddayxzipcs/Build/Intermediates.noindex/ArchiveIntermediates/MeiliCompanion/IntermediateBuildFilesPath/MeiliCompanion.build/Release-iphoneos/MeiliCompanion.build/MeiliCompanion-project-headers.hmap -Xcc -I/Users/ginlater/Library/Developer/Xcode/DerivedData/MeiliCompanion-daaipkjjszuugjcavsddayxzipcs/Build/Intermediates.noindex/ArchiveIntermediates/MeiliCompanion/BuildProductsPath/Release-iphoneos/include -Xcc -I/Users/ginlater/code/persist创业/sm身美/android/gp-system/ios_app/MeiliCompanion/Vendor/sonilib -Xcc -I/Users/ginlater/Library/Developer/Xcode/DerivedData/MeiliCompanion-daaipkjjszuugjcavsddayxzipcs/Build/Intermediates.noindex/ArchiveIntermediates/MeiliCompanion/IntermediateBuildFilesPath/MeiliCompanion.build/Release-iphoneos/MeiliCompanion.build/DerivedSources-normal/arm64 -Xcc -I/Users/ginlater/Library/Developer/Xcode/DerivedData/MeiliCompanion-daaipkjjszuugjcavsddayxzipcs/Build/Intermediates.noindex/ArchiveIntermediates/MeiliCompanion/IntermediateBuildFilesPath/MeiliCompanion.build/Release-iphoneos/MeiliCompanion.build/DerivedSources/arm64 -Xcc -I/Users/ginlater/Library/Developer/Xcode/DerivedData/MeiliCompanion-daaipkjjszuugjcavsddayxzipcs/Build/Intermediates.noindex/ArchiveIntermediates/MeiliCompanion/IntermediateBuildFilesPath/MeiliCompanion.build/Release-iphoneos/MeiliCompanion.build/DerivedSources -emit-objc-header -emit-objc-header-path /Users/ginlater/Library/Developer/Xcode/DerivedData/MeiliCompanion-daaipkjjszuugjcavsddayxzipcs/Build/Intermediates.noindex/ArchiveIntermediates/MeiliCompanion/IntermediateBuildFilesPath/MeiliCompanion.build/Release-iphoneos/MeiliCompanion.build/Objects-normal/arm64/MeiliCompanion-Swift.h -import-objc-header /Users/ginlater/code/persist创业/sm身美/android/gp-system/ios_app/MeiliCompanion/Vendor/Bridging-Header.h -working-directory /Users/ginlater/code/persist创业/sm身美/android/gp-system/ios_app/MeiliCompanion -no-emit-module-separately-wmo

SwiftDriver\ Compilation MeiliCompanion normal arm64 com.apple.xcode.tools.swift.compiler (in target 'MeiliCompanion' from project 'MeiliCompanion')
    cd /Users/ginlater/code/persist创业/sm身美/android/gp-system/ios_app/MeiliCompanion
    builtin-Swift-Compilation -- /Applications/Xcode.app/Contents/Developer/Toolchains/XcodeDefault.xctoolchain/usr/bin/swiftc -module-name MeiliCompanion -O -whole-module-optimization @/Users/ginlater/Library/Developer/Xcode/DerivedData/MeiliCompanion-daaipkjjszuugjcavsddayxzipcs/Build/Intermediates.noindex/ArchiveIntermediates/MeiliCompanion/IntermediateBuildFilesPath/MeiliCompanion.build/Release-iphoneos/MeiliCompanion.build/Objects-normal/arm64/MeiliCompanion.SwiftFileList -enable-bare-slash-regex -enable-experimental-feature DebugDescriptionMacro -sdk /Applications/Xcode.app/Contents/Developer/Platforms/iPhoneOS.platform/Developer/SDKs/iPhoneOS26.5.sdk -target arm64-apple-ios16.0 -g -module-cache-path /Users/ginlater/Library/Developer/Xcode/DerivedData/ModuleCache.noindex -Xfrontend -serialize-debugging-options -swift-version 5 -I /Users/ginlater/Library/Developer/Xcode/DerivedData/MeiliCompanion-daaipkjjszuugjcavsddayxzipcs/Build/Intermediates.noindex/ArchiveIntermediates/MeiliCompanion/BuildProductsPath/Release-iphoneos -F /Users/ginlater/Library/Developer/Xcode/DerivedData/MeiliCompanion-daaipkjjszuugjcavsddayxzipcs/Build/Intermediates.noindex/ArchiveIntermediates/MeiliCompanion/BuildProductsPath/Release-iphoneos -c -num-threads 12 -Xcc -ivfsstatcache -Xcc /Users/ginlater/Library/Developer/Xcode/DerivedData/SDKStatCaches.noindex/iphoneos26.5-23F73-32daed1954a7d5dd0789fcaf2a9bb78b.sdkstatcache -output-file-map /Users/ginlater/Library/Developer/Xcode/DerivedData/MeiliCompanion-daaipkjjszuugjcavsddayxzipcs/Build/Intermediates.noindex/ArchiveIntermediates/MeiliCompanion/IntermediateBuildFilesPath/MeiliCompanion.build/Release-iphoneos/MeiliCompanion.build/Objects-normal/arm64/MeiliCompanion-OutputFileMap.json -use-frontend-parseable-output -save-temps -no-color-diagnostics -explicit-module-build -module-cache-path /Users/ginlater/Library/Developer/Xcode/DerivedData/MeiliCompanion-daaipkjjszuugjcavsddayxzipcs/Build/Intermediates.noindex/ArchiveIntermediates/MeiliCompanion/IntermediateBuildFilesPath/SwiftExplicitPrecompiledModules -clang-scanner-module-cache-path /Users/ginlater/Library/Developer/Xcode/DerivedData/ModuleCache.noindex -sdk-module-cache-path /Users/ginlater/Library/Developer/Xcode/DerivedData/ModuleCache.noindex -serialize-diagnostics -emit-dependencies -emit-module -emit-module-path /Users/ginlater/Library/Developer/Xcode/DerivedData/MeiliCompanion-daaipkjjszuugjcavsddayxzipcs/Build/Intermediates.noindex/ArchiveIntermediates/MeiliCompanion/IntermediateBuildFilesPath/MeiliCompanion.build/Release-iphoneos/MeiliCompanion.build/Objects-normal/arm64/MeiliCompanion.swiftmodule -validate-clang-modules-once -clang-build-session-file /Users/ginlater/Library/Developer/Xcode/DerivedData/ModuleCache.noindex/Session.modulevalidation -Xcc -I/Users/ginlater/Library/Developer/Xcode/DerivedData/MeiliCompanion-daaipkjjszuugjcavsddayxzipcs/Build/Intermediates.noindex/ArchiveIntermediates/MeiliCompanion/IntermediateBuildFilesPath/MeiliCompanion.build/Release-iphoneos/MeiliCompanion.build/swift-overrides.hmap -emit-const-values -Xfrontend -const-gather-protocols-file -Xfrontend /Users/ginlater/Library/Developer/Xcode/DerivedData/MeiliCompanion-daaipkjjszuugjcavsddayxzipcs/Build/Intermediates.noindex/ArchiveIntermediates/MeiliCompanion/IntermediateBuildFilesPath/MeiliCompanion.build/Release-iphoneos/MeiliCompanion.build/Objects-normal/arm64/MeiliCompanion_const_extract_protocols.json -Xcc -iquote -Xcc /Users/ginlater/Library/Developer/Xcode/DerivedData/MeiliCompanion-daaipkjjszuugjcavsddayxzipcs/Build/Intermediates.noindex/ArchiveIntermediates/MeiliCompanion/IntermediateBuildFilesPath/MeiliCompanion.build/Release-iphoneos/MeiliCompanion.build/MeiliCompanion-generated-files.hmap -Xcc -I/Users/ginlater/Library/Developer/Xcode/DerivedData/MeiliCompanion-daaipkjjszuugjcavsddayxzipcs/Build/Intermediates.noindex/ArchiveIntermediates/MeiliCompanion/IntermediateBuildFilesPath/MeiliCompanion.build/Release-iphoneos/MeiliCompanion.build/MeiliCompanion-own-target-headers.hmap -Xcc -I/Users/ginlater/Library/Developer/Xcode/DerivedData/MeiliCompanion-daaipkjjszuugjcavsddayxzipcs/Build/Intermediates.noindex/ArchiveIntermediates/MeiliCompanion/IntermediateBuildFilesPath/MeiliCompanion.build/Release-iphoneos/MeiliCompanion.build/MeiliCompanion-all-target-headers.hmap -Xcc -iquote -Xcc /Users/ginlater/Library/Developer/Xcode/DerivedData/MeiliCompanion-daaipkjjszuugjcavsddayxzipcs/Build/Intermediates.noindex/ArchiveIntermediates/MeiliCompanion/IntermediateBuildFilesPath/MeiliCompanion.build/Release-iphoneos/MeiliCompanion.build/MeiliCompanion-project-headers.hmap -Xcc -I/Users/ginlater/Library/Developer/Xcode/DerivedData/MeiliCompanion-daaipkjjszuugjcavsddayxzipcs/Build/Intermediates.noindex/ArchiveIntermediates/MeiliCompanion/BuildProductsPath/Release-iphoneos/include -Xcc -I/Users/ginlater/code/persist创业/sm身美/android/gp-system/ios_app/MeiliCompanion/Vendor/sonilib -Xcc -I/Users/ginlater/Library/Developer/Xcode/DerivedData/MeiliCompanion-daaipkjjszuugjcavsddayxzipcs/Build/Intermediates.noindex/ArchiveIntermediates/MeiliCompanion/IntermediateBuildFilesPath/MeiliCompanion.build/Release-iphoneos/MeiliCompanion.build/DerivedSources-normal/arm64 -Xcc -I/Users/ginlater/Library/Developer/Xcode/DerivedData/MeiliCompanion-daaipkjjszuugjcavsddayxzipcs/Build/Intermediates.noindex/ArchiveIntermediates/MeiliCompanion/IntermediateBuildFilesPath/MeiliCompanion.build/Release-iphoneos/MeiliCompanion.build/DerivedSources/arm64 -Xcc -I/Users/ginlater/Library/Developer/Xcode/DerivedData/MeiliCompanion-daaipkjjszuugjcavsddayxzipcs/Build/Intermediates.noindex/ArchiveIntermediates/MeiliCompanion/IntermediateBuildFilesPath/MeiliCompanion.build/Release-iphoneos/MeiliCompanion.build/DerivedSources -emit-objc-header -emit-objc-header-path /Users/ginlater/Library/Developer/Xcode/DerivedData/MeiliCompanion-daaipkjjszuugjcavsddayxzipcs/Build/Intermediates.noindex/ArchiveIntermediates/MeiliCompanion/IntermediateBuildFilesPath/MeiliCompanion.build/Release-iphoneos/MeiliCompanion.build/Objects-normal/arm64/MeiliCompanion-Swift.h -import-objc-header /Users/ginlater/code/persist创业/sm身美/android/gp-system/ios_app/MeiliCompanion/Vendor/Bridging-Header.h -working-directory /Users/ginlater/code/persist创业/sm身美/android/gp-system/ios_app/MeiliCompanion -no-emit-module-separately-wmo

SwiftExplicitDependencyGeneratePcm arm64 /Users/ginlater/Library/Developer/Xcode/DerivedData/ModuleCache.noindex/_Builtin_float-9J5D5SVEL3O7JVN0F7IVF3OWK.pcm

SwiftExplicitDependencyGeneratePcm arm64 /Users/ginlater/Library/Developer/Xcode/DerivedData/ModuleCache.noindex/_Builtin_stddef-BM7MAKFKVDE7D9DBUFJKYCNHW.pcm

SwiftExplicitDependencyGeneratePcm arm64 /Users/ginlater/Library/Developer/Xcode/DerivedData/ModuleCache.noindex/_Builtin_stdbool-2UUQXDW0J9W1HGMQV0VAA4U4E.pcm

SwiftExplicitDependencyGeneratePcm arm64 /Users/ginlater/Library/Developer/Xcode/DerivedData/ModuleCache.noindex/_Builtin_stdarg-2GP27I9LURE744FTEDT818O24.pcm

SwiftExplicitDependencyGeneratePcm arm64 /Users/ginlater/Library/Developer/Xcode/DerivedData/ModuleCache.noindex/_SwiftConcurrencyShims-CWEO1U08YR4MLJ7BIRFNZP31.pcm

SwiftExplicitDependencyGeneratePcm arm64 /Users/ginlater/Library/Developer/Xcode/DerivedData/ModuleCache.noindex/SwiftShims-4RLRWEAK7MMQCIKWHIFTKJDL1.pcm

SwiftExplicitDependencyGeneratePcm arm64 /Users/ginlater/Library/Developer/Xcode/DerivedData/ModuleCache.noindex/_AvailabilityInternal-94EALPIGF7QFPL20VZ8CDSCNL.pcm

SwiftExplicitDependencyGeneratePcm arm64 /Users/ginlater/Library/Developer/Xcode/DerivedData/ModuleCache.noindex/ptrcheck-676IQFXNLLEUB6626PF4UNNE1.pcm

SwiftExplicitDependencyGeneratePcm arm64 /Users/ginlater/Library/Developer/Xcode/DerivedData/ModuleCache.noindex/DeveloperToolsSupport-1WHTWAF0EPPXEWIFHAOLD98ZW.pcm

SwiftExplicitDependencyGeneratePcm arm64 /Users/ginlater/Library/Developer/Xcode/DerivedData/ModuleCache.noindex/ptrauth-798P2DVBZCPO130SVOF84ZH42.pcm

SwiftExplicitDependencyGeneratePcm arm64 /Users/ginlater/Library/Developer/Xcode/DerivedData/ModuleCache.noindex/_DarwinFoundation1-B5QFJ04HREJNYU9CQA9P7ROB5.pcm

SwiftExplicitDependencyGeneratePcm arm64 /Users/ginlater/Library/Developer/Xcode/DerivedData/ModuleCache.noindex/_DarwinFoundation2-EN5AHJX2GFYK4X84S0CZ2LZ7L.pcm

SwiftExplicitDependencyGeneratePcm arm64 /Users/ginlater/Library/Developer/Xcode/DerivedData/ModuleCache.noindex/_Builtin_limits-9K1LM9FRHHP4BNX93KYT0S2V8.pcm

SwiftExplicitDependencyGeneratePcm arm64 /Users/ginlater/Library/Developer/Xcode/DerivedData/ModuleCache.noindex/_Builtin_tgmath-26BX9SL024KRKC2HUT2I43NOZ.pcm

SwiftExplicitDependencyGeneratePcm arm64 /Users/ginlater/Library/Developer/Xcode/DerivedData/ModuleCache.noindex/sys_types-7AFKJ3M1OAN7D842JISBL0P8F.pcm

SwiftExplicitDependencyGeneratePcm arm64 /Users/ginlater/Library/Developer/Xcode/DerivedData/ModuleCache.noindex/_Builtin_stdint-7E53BAWJ896Z1P8SXA26JYEOW.pcm

SwiftExplicitDependencyGeneratePcm arm64 /Users/ginlater/Library/Developer/Xcode/DerivedData/ModuleCache.noindex/_Builtin_stdatomic-DBM0R5J88PPWTGLF42UE3KGWV.pcm

SwiftExplicitDependencyGeneratePcm arm64 /Users/ginlater/Library/Developer/Xcode/DerivedData/ModuleCache.noindex/_DarwinFoundation3-BXEFLBYVK8XMUXAIHZGMGF8SI.pcm

SwiftExplicitDependencyGeneratePcm arm64 /Users/ginlater/Library/Developer/Xcode/DerivedData/ModuleCache.noindex/_Builtin_intrinsics-9HKWHQR7XMMSJUYQPZRDZ7O5M.pcm

SwiftExplicitDependencyGeneratePcm arm64 /Users/ginlater/Library/Developer/Xcode/DerivedData/ModuleCache.noindex/_Builtin_inttypes-3PETUTYA51U7JIN9E7QQ02BC2.pcm

SwiftExplicitDependencyGeneratePcm arm64 /Users/ginlater/Library/Developer/Xcode/DerivedData/ModuleCache.noindex/Darwin-637ZHANN74TV6CCOVD9YRPMBH.pcm

SwiftExplicitDependencyGeneratePcm arm64 /Users/ginlater/Library/Developer/Xcode/DerivedData/ModuleCache.noindex/simd-AE73QGH6Q3GOO7UK8NCZ0O9KT.pcm

LinkAssetCatalog /Users/ginlater/code/persist创业/sm身美/android/gp-system/ios_app/MeiliCompanion/Sources/Resources/Assets.xcassets (in target 'MeiliCompanion' from project 'MeiliCompanion')
    cd /Users/ginlater/code/persist创业/sm身美/android/gp-system/ios_app/MeiliCompanion
    builtin-linkAssetCatalog --thinned /Users/ginlater/Library/Developer/Xcode/DerivedData/MeiliCompanion-daaipkjjszuugjcavsddayxzipcs/Build/Intermediates.noindex/ArchiveIntermediates/MeiliCompanion/IntermediateBuildFilesPath/MeiliCompanion.build/Release-iphoneos/MeiliCompanion.build/assetcatalog_output/thinned --thinned-dependencies /Users/ginlater/Library/Developer/Xcode/DerivedData/MeiliCompanion-daaipkjjszuugjcavsddayxzipcs/Build/Intermediates.noindex/ArchiveIntermediates/MeiliCompanion/IntermediateBuildFilesPath/MeiliCompanion.build/Release-iphoneos/MeiliCompanion.build/assetcatalog_dependencies_thinned --thinned-info-plist-content /Users/ginlater/Library/Developer/Xcode/DerivedData/MeiliCompanion-daaipkjjszuugjcavsddayxzipcs/Build/Intermediates.noindex/ArchiveIntermediates/MeiliCompanion/IntermediateBuildFilesPath/MeiliCompanion.build/Release-iphoneos/MeiliCompanion.build/assetcatalog_generated_info.plist_thinned --unthinned /Users/ginlater/Library/Developer/Xcode/DerivedData/MeiliCompanion-daaipkjjszuugjcavsddayxzipcs/Build/Intermediates.noindex/ArchiveIntermediates/MeiliCompanion/IntermediateBuildFilesPath/MeiliCompanion.build/Release-iphoneos/MeiliCompanion.build/assetcatalog_output/unthinned --unthinned-dependencies /Users/ginlater/Library/Developer/Xcode/DerivedData/MeiliCompanion-daaipkjjszuugjcavsddayxzipcs/Build/Intermediates.noindex/ArchiveIntermediates/MeiliCompanion/IntermediateBuildFilesPath/MeiliCompanion.build/Release-iphoneos/MeiliCompanion.build/assetcatalog_dependencies_unthinned --unthinned-info-plist-content /Users/ginlater/Library/Developer/Xcode/DerivedData/MeiliCompanion-daaipkjjszuugjcavsddayxzipcs/Build/Intermediates.noindex/ArchiveIntermediates/MeiliCompanion/IntermediateBuildFilesPath/MeiliCompanion.build/Release-iphoneos/MeiliCompanion.build/assetcatalog_generated_info.plist_unthinned --output /Users/ginlater/Library/Developer/Xcode/DerivedData/MeiliCompanion-daaipkjjszuugjcavsddayxzipcs/Build/Intermediates.noindex/ArchiveIntermediates/MeiliCompanion/InstallationBuildProductsLocation/Applications/MeiliCompanion.app --plist-output /Users/ginlater/Library/Developer/Xcode/DerivedData/MeiliCompanion-daaipkjjszuugjcavsddayxzipcs/Build/Intermediates.noindex/ArchiveIntermediates/MeiliCompanion/IntermediateBuildFilesPath/MeiliCompanion.build/Release-iphoneos/MeiliCompanion.build/assetcatalog_generated_info.plist
note: Emplaced /Users/ginlater/Library/Developer/Xcode/DerivedData/MeiliCompanion-daaipkjjszuugjcavsddayxzipcs/Build/Intermediates.noindex/ArchiveIntermediates/MeiliCompanion/InstallationBuildProductsLocation/Applications/MeiliCompanion.app/Assets.car (in target 'MeiliCompanion' from project 'MeiliCompanion')
note: Emplaced /Users/ginlater/Library/Developer/Xcode/DerivedData/MeiliCompanion-daaipkjjszuugjcavsddayxzipcs/Build/Intermediates.noindex/ArchiveIntermediates/MeiliCompanion/InstallationBuildProductsLocation/Applications/MeiliCompanion.app/AppIcon60x60@2x.png (in target 'MeiliCompanion' from project 'MeiliCompanion')
note: Emplaced /Users/ginlater/Library/Developer/Xcode/DerivedData/MeiliCompanion-daaipkjjszuugjcavsddayxzipcs/Build/Intermediates.noindex/ArchiveIntermediates/MeiliCompanion/InstallationBuildProductsLocation/Applications/MeiliCompanion.app/AppIcon76x76@2x~ipad.png (in target 'MeiliCompanion' from project 'MeiliCompanion')

ProcessInfoPlistFile /Users/ginlater/Library/Developer/Xcode/DerivedData/MeiliCompanion-daaipkjjszuugjcavsddayxzipcs/Build/Intermediates.noindex/ArchiveIntermediates/MeiliCompanion/InstallationBuildProductsLocation/Applications/MeiliCompanion.app/Info.plist /Users/ginlater/code/persist创业/sm身美/android/gp-system/ios_app/MeiliCompanion/Info.plist (in target 'MeiliCompanion' from project 'MeiliCompanion')
    cd /Users/ginlater/code/persist创业/sm身美/android/gp-system/ios_app/MeiliCompanion
    builtin-infoPlistUtility /Users/ginlater/code/persist创业/sm身美/android/gp-system/ios_app/MeiliCompanion/Info.plist -producttype com.apple.product-type.application -genpkginfo /Users/ginlater/Library/Developer/Xcode/DerivedData/MeiliCompanion-daaipkjjszuugjcavsddayxzipcs/Build/Intermediates.noindex/ArchiveIntermediates/MeiliCompanion/InstallationBuildProductsLocation/Applications/MeiliCompanion.app/PkgInfo -expandbuildsettings -format binary -platform iphoneos -additionalcontentfile /Users/ginlater/Library/Developer/Xcode/DerivedData/MeiliCompanion-daaipkjjszuugjcavsddayxzipcs/Build/Intermediates.noindex/ArchiveIntermediates/MeiliCompanion/IntermediateBuildFilesPath/MeiliCompanion.build/Release-iphoneos/MeiliCompanion.build/assetcatalog_generated_info.plist -requiredArchitecture arm64 -o /Users/ginlater/Library/Developer/Xcode/DerivedData/MeiliCompanion-daaipkjjszuugjcavsddayxzipcs/Build/Intermediates.noindex/ArchiveIntermediates/MeiliCompanion/InstallationBuildProductsLocation/Applications/MeiliCompanion.app/Info.plist

SwiftExplicitDependencyGeneratePcm arm64 /Users/ginlater/Library/Developer/Xcode/DerivedData/ModuleCache.noindex/ObjectiveC-EV9JRIN6GV66S8IEPNEA2YGXU.pcm

SwiftExplicitDependencyGeneratePcm arm64 /Users/ginlater/Library/Developer/Xcode/DerivedData/ModuleCache.noindex/MachO-ERCCB9CJ7ZI1VZNM6AE1FUI7Z.pcm

SwiftExplicitDependencyGeneratePcm arm64 /Users/ginlater/Library/Developer/Xcode/DerivedData/ModuleCache.noindex/os_object-MV7WFQUSXK6SN6BG75FM6CEL.pcm

SwiftExplicitDependencyGeneratePcm arm64 /Users/ginlater/Library/Developer/Xcode/DerivedData/ModuleCache.noindex/Spatial-EZTP309ARNUJPROQG0WJ2H3FY.pcm

SwiftExplicitDependencyGeneratePcm arm64 /Users/ginlater/Library/Developer/Xcode/DerivedData/ModuleCache.noindex/os_workgroup-2DY4APWXUOBZS90DEGAN059ML.pcm

SwiftExplicitDependencyGeneratePcm arm64 /Users/ginlater/Library/Developer/Xcode/DerivedData/ModuleCache.noindex/Dispatch-F1RW54M03TFK3HTROOIJ6PU46.pcm

SwiftExplicitDependencyGeneratePcm arm64 /Users/ginlater/Library/Developer/Xcode/DerivedData/ModuleCache.noindex/CoreFoundation-50GQ40XYYU6P93RL4XGX3WMAX.pcm

SwiftExplicitDependencyGeneratePcm arm64 /Users/ginlater/Library/Developer/Xcode/DerivedData/ModuleCache.noindex/XPC-69NY4BHI7FSE5JVYAT89J5KDD.pcm

SwiftExplicitDependencyGeneratePcm arm64 /Users/ginlater/Library/Developer/Xcode/DerivedData/ModuleCache.noindex/dnssd-CX9YADWC7DJSEAZUKSWKHY4TJ.pcm

SwiftExplicitDependencyGeneratePcm arm64 /Users/ginlater/Library/Developer/Xcode/DerivedData/ModuleCache.noindex/os-3HLE9GSRFERPLSQ0R0493CHEQ.pcm

SwiftExplicitDependencyGeneratePcm arm64 /Users/ginlater/Library/Developer/Xcode/DerivedData/ModuleCache.noindex/CFNetwork-C7BE2H2F8LFDQGCZBOZR7EL0F.pcm

SwiftExplicitDependencyGeneratePcm arm64 /Users/ginlater/Library/Developer/Xcode/DerivedData/ModuleCache.noindex/CoreGraphics-DP8TEQWVGEOQYPW6H0NJ3HQ65.pcm

SwiftExplicitDependencyGeneratePcm arm64 /Users/ginlater/Library/Developer/Xcode/DerivedData/ModuleCache.noindex/CoreAudioTypes-DTM8AIRQ5XTGW4D44THFGIXHA.pcm

SwiftExplicitDependencyGeneratePcm arm64 /Users/ginlater/Library/Developer/Xcode/DerivedData/ModuleCache.noindex/Security-60UQBNHZ3BOYI9V53INJYLJNW.pcm

SwiftExplicitDependencyGeneratePcm arm64 /Users/ginlater/Library/Developer/Xcode/DerivedData/ModuleCache.noindex/CoreAudio-9MXAK89YIDLLWZBFUDUBRY1Z9.pcm

SwiftExplicitDependencyGeneratePcm arm64 /Users/ginlater/Library/Developer/Xcode/DerivedData/ModuleCache.noindex/Foundation-EWWZ5FABW025ABOJYK2PAO2WV.pcm

SwiftExplicitDependencyGeneratePcm arm64 /Users/ginlater/Library/Developer/Xcode/DerivedData/ModuleCache.noindex/ImageIO-88ZTA7DNW80FLUPD9ZGTAXSF4.pcm

SwiftExplicitDependencyGeneratePcm arm64 /Users/ginlater/Library/Developer/Xcode/DerivedData/ModuleCache.noindex/CoreText-19SETKAFIE3A2EAZ4IM4SHSEU.pcm

SwiftExplicitDependencyGeneratePcm arm64 /Users/ginlater/Library/Developer/Xcode/DerivedData/ModuleCache.noindex/IOSurface-3FOTC0TOJW05VJPPOSA1Z5FN9.pcm

SwiftExplicitDependencyGeneratePcm arm64 /Users/ginlater/Library/Developer/Xcode/DerivedData/ModuleCache.noindex/UserNotifications-61P0Z0XDWYWNN1HV0JCI1NXDP.pcm

SwiftExplicitDependencyGeneratePcm arm64 /Users/ginlater/Library/Developer/Xcode/DerivedData/ModuleCache.noindex/CoreBluetooth-8HCZADAURBWI0ZKBXXSWMCQ35.pcm

SwiftExplicitDependencyGeneratePcm arm64 /Users/ginlater/Library/Developer/Xcode/DerivedData/ModuleCache.noindex/DataDetection-5LAZSMQQUX13FPJOF0B9PGQC9.pcm

SwiftExplicitDependencyGeneratePcm arm64 /Users/ginlater/Library/Developer/Xcode/DerivedData/ModuleCache.noindex/CoreTransferable-8RZ0AQD5LJQGVG4P0QPXBKMAW.pcm

SwiftExplicitDependencyGeneratePcm arm64 /Users/ginlater/Library/Developer/Xcode/DerivedData/ModuleCache.noindex/CoreMIDI-7T3RE5MY3BSX8CF6SOQZLS6UR.pcm

SwiftExplicitDependencyGeneratePcm arm64 /Users/ginlater/Library/Developer/Xcode/DerivedData/ModuleCache.noindex/FileProvider-DW76XKHDI836AXM860RHPIR7F.pcm

SwiftExplicitDependencyGeneratePcm arm64 /Users/ginlater/Library/Developer/Xcode/DerivedData/ModuleCache.noindex/BackgroundTasks-9VLOWD611TF0AEBAH81IDP6G5.pcm

SwiftExplicitDependencyGeneratePcm arm64 /Users/ginlater/Library/Developer/Xcode/DerivedData/ModuleCache.noindex/CoreData-1MCV04K0RKY55OK8NUSG2U9IZ.pcm

SwiftExplicitDependencyGeneratePcm arm64 /Users/ginlater/Library/Developer/Xcode/DerivedData/ModuleCache.noindex/Network-5YYYKPQVFBVMQ7KQL5UA7DMS5.pcm

SwiftExplicitDependencyGeneratePcm arm64 /Users/ginlater/Library/Developer/Xcode/DerivedData/ModuleCache.noindex/UIUtilities-7S0EAGZIJAK8VB1ODM962NJC2.pcm

SwiftExplicitDependencyGeneratePcm arm64 /Users/ginlater/Library/Developer/Xcode/DerivedData/ModuleCache.noindex/Symbols-BIVKEDRM1Z24039CI5RUZOZOR.pcm

SwiftExplicitDependencyGeneratePcm arm64 /Users/ginlater/Library/Developer/Xcode/DerivedData/ModuleCache.noindex/UniformTypeIdentifiers-9EE76X0OD4YL3R38925U4TM5S.pcm

SwiftExplicitDependencyGeneratePcm arm64 /Users/ginlater/Library/Developer/Xcode/DerivedData/ModuleCache.noindex/OSLog-2YQ581B3424KELJPP0O249CGF.pcm

SwiftExplicitDependencyGeneratePcm arm64 /Users/ginlater/Library/Developer/Xcode/DerivedData/ModuleCache.noindex/Accessibility-3QWWM6JO3O8HKCLM95SKL34EW.pcm

SwiftExplicitDependencyGeneratePcm arm64 /Users/ginlater/Library/Developer/Xcode/DerivedData/ModuleCache.noindex/Metal-E1EH2J6P417SFGQY7F04UEIOR.pcm

SwiftExplicitDependencyGeneratePcm arm64 /Users/ginlater/Library/Developer/Xcode/DerivedData/ModuleCache.noindex/OpenGLES-56TNIXCLDL9U67CRAWL3S7VWP.pcm

SwiftExplicitDependencyGeneratePcm arm64 /Users/ginlater/Library/Developer/Xcode/DerivedData/ModuleCache.noindex/AudioToolbox-D501037AK4QOE54X5P44MOBYQ.pcm

SwiftExplicitDependencyGeneratePcm arm64 /Users/ginlater/Library/Developer/Xcode/DerivedData/ModuleCache.noindex/AVRouting-2HY7X3MZAEG40THW6F8Z3SQAQ.pcm

SwiftExplicitDependencyGeneratePcm arm64 /Users/ginlater/Library/Developer/Xcode/DerivedData/ModuleCache.noindex/CoreVideo-2JBXZZ1WCEBAMUYEU5L7XFC6A.pcm

SwiftExplicitDependencyGeneratePcm arm64 /Users/ginlater/Library/Developer/Xcode/DerivedData/ModuleCache.noindex/CoreImage-C7HYP8FOQWQ5M354N9K94ZBKI.pcm

SwiftExplicitDependencyGeneratePcm arm64 /Users/ginlater/Library/Developer/Xcode/DerivedData/ModuleCache.noindex/CoreMedia-1V5J51V2IDP3LEDPHRMD14CGD.pcm

SwiftExplicitDependencyGeneratePcm arm64 /Users/ginlater/Library/Developer/Xcode/DerivedData/ModuleCache.noindex/QuartzCore-4SJOAA9B7DQAWC10Y72441ZX.pcm

SwiftExplicitDependencyGeneratePcm arm64 /Users/ginlater/Library/Developer/Xcode/DerivedData/ModuleCache.noindex/SwiftUICore-7ODDJI4YPVEI9RXWSTYUGFHWA.pcm

SwiftExplicitDependencyGeneratePcm arm64 /Users/ginlater/Library/Developer/Xcode/DerivedData/ModuleCache.noindex/UIKit-4PUYCVGM9GRVRANKP8AG7SEF8.pcm

SwiftExplicitDependencyGeneratePcm arm64 /Users/ginlater/Library/Developer/Xcode/DerivedData/ModuleCache.noindex/MediaToolbox-543SIMURNFR2EIOE6N0SOONYL.pcm

SwiftExplicitDependencyGeneratePcm arm64 /Users/ginlater/Library/Developer/Xcode/DerivedData/ModuleCache.noindex/AVFAudio-7HMCJYVNKO1I2PXMTDIGLDNZZ.pcm

SwiftExplicitDependencyGeneratePcm arm64 /Users/ginlater/Library/Developer/Xcode/DerivedData/ModuleCache.noindex/AVFoundation-94XD0OJNJCIIPMMLKLIV97OXC.pcm

SwiftExplicitDependencyGeneratePcm arm64 /Users/ginlater/Library/Developer/Xcode/DerivedData/ModuleCache.noindex/SwiftUI-1Q0KTSAUBAJ449XTNNQLZNMII.pcm

SwiftGeneratePch normal arm64 Compiling\ bridging\ header (in target 'MeiliCompanion' from project 'MeiliCompanion')

SwiftDriverJobDiscovery normal arm64 Compiling bridging header (in target 'MeiliCompanion' from project 'MeiliCompanion')

SwiftCompile normal arm64 Compiling\ APIClient.swift,\ AdminHomeView.swift,\ AppRoute.swift,\ AppState.swift,\ ArchiveView.swift,\ ArchiveViewModel.swift,\ AudioPlayer.swift,\ AuthManager.swift,\ BindCustomerView.swift,\ BindCustomerViewModel.swift,\ Collapsible.swift,\ CompanionButton.swift,\ ConsultantRepo.swift,\ CredentialStore.swift,\ CustomerDetailView.swift,\ CustomerDetailViewModel.swift,\ CustomerProfile.swift,\ CustomerView.swift,\ CustomerViewModel.swift,\ FlowWrap.swift,\ HomeView.swift,\ HomeViewModel.swift,\ LoginView.swift,\ LoginViewModel.swift,\ MainShell.swift,\ MarkdownLite.swift,\ MeiliAvatar.swift,\ MeiliBanner.swift,\ MeiliButton.swift,\ MeiliCard.swift,\ MeiliColor.swift,\ MeiliCompanionApp.swift,\ MeiliField.swift,\ MeiliFont.swift,\ MeiliIcon.swift,\ MeiliMetric.swift,\ MeiliTopBar.swift,\ Models.swift,\ NavSwipeBack.swift,\ OggOpusWriter.swift,\ PenBluetoothWatch.swift,\ PenController.swift,\ PenLog.swift,\ PenScanSheet.swift,\ PendingViewModel.swift,\ PhoneMicRecorder.swift,\ ReceptionView.swift,\ ReceptionViewModel.swift,\ RecordKeepAlive.swift,\ RecordingManager.swift,\ ReminderNotifier.swift,\ ReminderRefresh.swift,\ RemindersView.swift,\ RemindersViewModel.swift,\ ReportView.swift,\ ReportViewModel.swift,\ RequestBodies.swift,\ RootView.swift,\ SVGPath.swift,\ SectionLabel.swift,\ SessionList.swift,\ SessionPreviewView.swift,\ SessionPreviewViewModel.swift,\ SessionReport.swift,\ SettingsView.swift,\ SplashView.swift,\ StatusPill.swift,\ StringExt.swift,\ Task.swift,\ ThemeManager.swift,\ UploadQueue.swift,\ GeneratedAssetSymbols.swift /Users/ginlater/code/persist创业/sm身美/android/gp-system/ios_app/MeiliCompanion/Sources/Data/Net/APIClient.swift /Users/ginlater/code/persist创业/sm身美/android/gp-system/ios_app/MeiliCompanion/Sources/Features/Admin/AdminHomeView.swift /Users/ginlater/code/persist创业/sm身美/android/gp-system/ios_app/MeiliCompanion/Sources/Nav/AppRoute.swift /Users/ginlater/code/persist创业/sm身美/android/gp-system/ios_app/MeiliCompanion/Sources/Data/AppState.swift /Users/ginlater/code/persist创业/sm身美/android/gp-system/ios_app/MeiliCompanion/Sources/Features/Archive/ArchiveView.swift /Users/ginlater/code/persist创业/sm身美/android/gp-system/ios_app/MeiliCompanion/Sources/Features/Archive/ArchiveViewModel.swift /Users/ginlater/code/persist创业/sm身美/android/gp-system/ios_app/MeiliCompanion/Sources/Features/Report/AudioPlayer.swift /Users/ginlater/code/persist创业/sm身美/android/gp-system/ios_app/MeiliCompanion/Sources/Data/Auth/AuthManager.swift /Users/ginlater/code/persist创业/sm身美/android/gp-system/ios_app/MeiliCompanion/Sources/Features/Bind/BindCustomerView.swift /Users/ginlater/code/persist创业/sm身美/android/gp-system/ios_app/MeiliCompanion/Sources/Features/Bind/BindCustomerViewModel.swift /Users/ginlater/code/persist创业/sm身美/android/gp-system/ios_app/MeiliCompanion/Sources/DesignSystem/Components/Collapsible.swift /Users/ginlater/code/persist创业/sm身美/android/gp-system/ios_app/MeiliCompanion/Sources/DesignSystem/Components/CompanionButton.swift /Users/ginlater/code/persist创业/sm身美/android/gp-system/ios_app/MeiliCompanion/Sources/Data/Repo/ConsultantRepo.swift /Users/ginlater/code/persist创业/sm身美/android/gp-system/ios_app/MeiliCompanion/Sources/Data/Auth/CredentialStore.swift /Users/ginlater/code/persist创业/sm身美/android/gp-system/ios_app/MeiliCompanion/Sources/Features/Customer/CustomerDetailView.swift /Users/ginlater/code/persist创业/sm身美/android/gp-system/ios_app/MeiliCompanion/Sources/Features/Customer/CustomerDetailViewModel.swift /Users/ginlater/code/persist创业/sm身美/android/gp-system/ios_app/MeiliCompanion/Sources/Data/Models/CustomerProfile.swift /Users/ginlater/code/persist创业/sm身美/android/gp-system/ios_app/MeiliCompanion/Sources/Features/Customer/CustomerView.swift /Users/ginlater/code/persist创业/sm身美/android/gp-system/ios_app/MeiliCompanion/Sources/Features/Customer/CustomerViewModel.swift /Users/ginlater/code/persist创业/sm身美/android/gp-system/ios_app/MeiliCompanion/Sources/DesignSystem/Components/FlowWrap.swift /Users/ginlater/code/persist创业/sm身美/android/gp-system/ios_app/MeiliCompanion/Sources/Features/Home/HomeView.swift /Users/ginlater/code/persist创业/sm身美/android/gp-system/ios_app/MeiliCompanion/Sources/Features/Home/HomeViewModel.swift /Users/ginlater/code/persist创业/sm身美/android/gp-system/ios_app/MeiliCompanion/Sources/Features/Login/LoginView.swift /Users/ginlater/code/persist创业/sm身美/android/gp-system/ios_app/MeiliCompanion/Sources/Features/Login/LoginViewModel.swift /Users/ginlater/code/persist创业/sm身美/android/gp-system/ios_app/MeiliCompanion/Sources/Features/Main/MainShell.swift /Users/ginlater/code/persist创业/sm身美/android/gp-system/ios_app/MeiliCompanion/Sources/Features/Customer/MarkdownLite.swift /Users/ginlater/code/persist创业/sm身美/android/gp-system/ios_app/MeiliCompanion/Sources/DesignSystem/Components/MeiliAvatar.swift /Users/ginlater/code/persist创业/sm身美/android/gp-system/ios_app/MeiliCompanion/Sources/DesignSystem/Components/MeiliBanner.swift /Users/ginlater/code/persist创业/sm身美/android/gp-system/ios_app/MeiliCompanion/Sources/DesignSystem/Components/MeiliButton.swift /Users/ginlater/code/persist创业/sm身美/android/gp-system/ios_app/MeiliCompanion/Sources/DesignSystem/Components/MeiliCard.swift /Users/ginlater/code/persist创业/sm身美/android/gp-system/ios_app/MeiliCompanion/Sources/DesignSystem/MeiliColor.swift /Users/ginlater/code/persist创业/sm身美/android/gp-system/ios_app/MeiliCompanion/Sources/App/MeiliCompanionApp.swift /Users/ginlater/code/persist创业/sm身美/android/gp-system/ios_app/MeiliCompanion/Sources/DesignSystem/Components/MeiliField.swift /Users/ginlater/code/persist创业/sm身美/android/gp-system/ios_app/MeiliCompanion/Sources/DesignSystem/MeiliFont.swift /Users/ginlater/code/persist创业/sm身美/android/gp-system/ios_app/MeiliCompanion/Sources/DesignSystem/MeiliIcon.swift /Users/ginlater/code/persist创业/sm身美/android/gp-system/ios_app/MeiliCompanion/Sources/DesignSystem/MeiliMetric.swift /Users/ginlater/code/persist创业/sm身美/android/gp-system/ios_app/MeiliCompanion/Sources/DesignSystem/Components/MeiliTopBar.swift /Users/ginlater/code/persist创业/sm身美/android/gp-system/ios_app/MeiliCompanion/Sources/Data/Models/Models.swift /Users/ginlater/code/persist创业/sm身美/android/gp-system/ios_app/MeiliCompanion/Sources/DesignSystem/NavSwipeBack.swift /Users/ginlater/code/persist创业/sm身美/android/gp-system/ios_app/MeiliCompanion/Sources/Recording/OggOpusWriter.swift /Users/ginlater/code/persist创业/sm身美/android/gp-system/ios_app/MeiliCompanion/Sources/Recording/PenBluetoothWatch.swift /Users/ginlater/code/persist创业/sm身美/android/gp-system/ios_app/MeiliCompanion/Sources/Recording/PenController.swift /Users/ginlater/code/persist创业/sm身美/android/gp-system/ios_app/MeiliCompanion/Sources/Recording/PenLog.swift /Users/ginlater/code/persist创业/sm身美/android/gp-system/ios_app/MeiliCompanion/Sources/Features/Home/PenScanSheet.swift /Users/ginlater/code/persist创业/sm身美/android/gp-system/ios_app/MeiliCompanion/Sources/Features/Reception/PendingViewModel.swift /Users/ginlater/code/persist创业/sm身美/android/gp-system/ios_app/MeiliCompanion/Sources/Recording/PhoneMicRecorder.swift /Users/ginlater/code/persist创业/sm身美/android/gp-system/ios_app/MeiliCompanion/Sources/Features/Reception/ReceptionView.swift /Users/ginlater/code/persist创业/sm身美/android/gp-system/ios_app/MeiliCompanion/Sources/Features/Reception/ReceptionViewModel.swift /Users/ginlater/code/persist创业/sm身美/android/gp-system/ios_app/MeiliCompanion/Sources/Recording/RecordKeepAlive.swift /Users/ginlater/code/persist创业/sm身美/android/gp-system/ios_app/MeiliCompanion/Sources/Recording/RecordingManager.swift /Users/ginlater/code/persist创业/sm身美/android/gp-system/ios_app/MeiliCompanion/Sources/Util/ReminderNotifier.swift /Users/ginlater/code/persist创业/sm身美/android/gp-system/ios_app/MeiliCompanion/Sources/Util/ReminderRefresh.swift /Users/ginlater/code/persist创业/sm身美/android/gp-system/ios_app/MeiliCompanion/Sources/Features/Reminders/RemindersView.swift /Users/ginlater/code/persist创业/sm身美/android/gp-system/ios_app/MeiliCompanion/Sources/Features/Reminders/RemindersViewModel.swift /Users/ginlater/code/persist创业/sm身美/android/gp-system/ios_app/MeiliCompanion/Sources/Features/Report/ReportView.swift /Users/ginlater/code/persist创业/sm身美/android/gp-system/ios_app/MeiliCompanion/Sources/Features/Report/ReportViewModel.swift /Users/ginlater/code/persist创业/sm身美/android/gp-system/ios_app/MeiliCompanion/Sources/Data/Models/RequestBodies.swift /Users/ginlater/code/persist创业/sm身美/android/gp-system/ios_app/MeiliCompanion/Sources/App/RootView.swift /Users/ginlater/code/persist创业/sm身美/android/gp-system/ios_app/MeiliCompanion/Sources/DesignSystem/SVGPath.swift /Users/ginlater/code/persist创业/sm身美/android/gp-system/ios_app/MeiliCompanion/Sources/DesignSystem/Components/SectionLabel.swift /Users/ginlater/code/persist创业/sm身美/android/gp-system/ios_app/MeiliCompanion/Sources/Data/Models/SessionList.swift /Users/ginlater/code/persist创业/sm身美/android/gp-system/ios_app/MeiliCompanion/Sources/Features/Session/SessionPreviewView.swift /Users/ginlater/code/persist创业/sm身美/android/gp-system/ios_app/MeiliCompanion/Sources/Features/Session/SessionPreviewViewModel.swift /Users/ginlater/code/persist创业/sm身美/android/gp-system/ios_app/MeiliCompanion/Sources/Data/Models/SessionReport.swift /Users/ginlater/code/persist创业/sm身美/android/gp-system/ios_app/MeiliCompanion/Sources/Features/Settings/SettingsView.swift /Users/ginlater/code/persist创业/sm身美/android/gp-system/ios_app/MeiliCompanion/Sources/Features/Splash/SplashView.swift /Users/ginlater/code/persist创业/sm身美/android/gp-system/ios_app/MeiliCompanion/Sources/DesignSystem/Components/StatusPill.swift /Users/ginlater/code/persist创业/sm身美/android/gp-system/ios_app/MeiliCompanion/Sources/Util/StringExt.swift /Users/ginlater/code/persist创业/sm身美/android/gp-system/ios_app/MeiliCompanion/Sources/Data/Models/Task.swift /Users/ginlater/code/persist创业/sm身美/android/gp-system/ios_app/MeiliCompanion/Sources/DesignSystem/ThemeManager.swift /Users/ginlater/code/persist创业/sm身美/android/gp-system/ios_app/MeiliCompanion/Sources/Recording/UploadQueue.swift /Users/ginlater/Library/Developer/Xcode/DerivedData/MeiliCompanion-daaipkjjszuugjcavsddayxzipcs/Build/Intermediates.noindex/ArchiveIntermediates/MeiliCompanion/IntermediateBuildFilesPath/MeiliCompanion.build/Release-iphoneos/MeiliCompanion.build/DerivedSources/GeneratedAssetSymbols.swift /Applications/Xcode.app/Contents/Developer/Toolchains/XcodeDefault.xctoolchain/usr/lib/swift/iphoneos/prebuilt-modules/26.5/Observation.swiftmodule/arm64e-apple-ios.swiftmodule /Applications/Xcode.app/Contents/Developer/Toolchains/XcodeDefault.xctoolchain/usr/lib/swift/iphoneos/prebuilt-modules/26.5/_DarwinFoundation2.swiftmodule/arm64e-apple-ios.swiftmodule /Applications/Xcode.app/Contents/Developer/Toolchains/XcodeDefault.xctoolchain/usr/lib/swift/iphoneos/prebuilt-modules/26.5/XPC.swiftmodule/arm64e-apple-ios.swiftmodule /Applications/Xcode.app/Contents/Developer/Toolchains/XcodeDefault.xctoolchain/usr/lib/swift/iphoneos/prebuilt-modules/26.5/SwiftUICore.swiftmodule/arm64e-apple-ios.swiftmodule /Applications/Xcode.app/Contents/Developer/Toolchains/XcodeDefault.xctoolchain/usr/lib/swift/iphoneos/prebuilt-modules/26.5/os.swiftmodule/arm64e-apple-ios.swiftmodule /Applications/Xcode.app/Contents/Developer/Toolchains/XcodeDefault.xctoolchain/usr/lib/swift/iphoneos/prebuilt-modules/26.5/AVFoundation.swiftmodule/arm64e-apple-ios.swiftmodule /Applications/Xcode.app/Contents/Developer/Toolchains/XcodeDefault.xctoolchain/usr/lib/swift/iphoneos/prebuilt-modules/26.5/System.swiftmodule/arm64e-apple-ios.swiftmodule /Applications/Xcode.app/Contents/Developer/Toolchains/XcodeDefault.xctoolchain/usr/lib/swift/iphoneos/prebuilt-modules/26.5/Metal.swiftmodule/arm64e-apple-ios.swiftmodule /Applications/Xcode.app/Contents/Developer/Toolchains/XcodeDefault.xctoolchain/usr/lib/swift/iphoneos/prebuilt-modules/26.5/SwiftUI.swiftmodule/arm64e-apple-ios.swiftmodule /Applications/Xcode.app/Contents/Developer/Toolchains/XcodeDefault.xctoolchain/usr/lib/swift/iphoneos/prebuilt-modules/26.5/Symbols.swiftmodule/arm64e-apple-ios.swiftmodule /Applications/Xcode.app/Contents/Developer/Toolchains/XcodeDefault.xctoolchain/usr/lib/swift/iphoneos/prebuilt-modules/26.5/ObjectiveC.swiftmodule/arm64e-apple-ios.swiftmodule /Applications/Xcode.app/Contents/Developer/Toolchains/XcodeDefault.xctoolchain/usr/lib/swift/iphoneos/prebuilt-modules/26.5/Foundation.swiftmodule/arm64e-apple-ios.swiftmodule /Applications/Xcode.app/Contents/Developer/Toolchains/XcodeDefault.xctoolchain/usr/lib/swift/iphoneos/prebuilt-modules/26.5/Synchronization.swiftmodule/arm64e-apple-ios.swiftmodule /Applications/Xcode.app/Contents/Developer/Toolchains/XcodeDefault.xctoolchain/usr/lib/swift/iphoneos/prebuilt-modules/26.5/OSLog.swiftmodule/arm64e-apple-ios.swiftmodule /Applications/Xcode.app/Contents/Developer/Toolchains/XcodeDefault.xctoolchain/usr/lib/swift/iphoneos/prebuilt-modules/26.5/UniformTypeIdentifiers.swiftmodule/arm64e-apple-ios.swiftmodule /Applications/Xcode.app/Contents/Developer/Toolchains/XcodeDefault.xctoolchain/usr/lib/swift/iphoneos/prebuilt-modules/26.5/Dispatch.swiftmodule/arm64e-apple-ios.swiftmodule /Applications/Xcode.app/Contents/Developer/Toolchains/XcodeDefault.xctoolchain/usr/lib/swift/iphoneos/prebuilt-modules/26.5/Combine.swiftmodule/arm64e-apple-ios.swiftmodule /Applications/Xcode.app/Contents/Developer/Toolchains/XcodeDefault.xctoolchain/usr/lib/swift/iphoneos/prebuilt-modules/26.5/Accessibility.swiftmodule/arm64e-apple-ios.swiftmodule /Applications/Xcode.app/Contents/Developer/Toolchains/XcodeDefault.xctoolchain/usr/lib/swift/iphoneos/prebuilt-modules/26.5/CoreFoundation.swiftmodule/arm64e-apple-ios.swiftmodule /Applications/Xcode.app/Contents/Developer/Toolchains/XcodeDefault.xctoolchain/usr/lib/swift/iphoneos/prebuilt-modules/26.5/simd.swiftmodule/arm64e-apple-ios.swiftmodule /Applications/Xcode.app/Contents/Developer/Toolchains/XcodeDefault.xctoolchain/usr/lib/swift/iphoneos/prebuilt-modules/26.5/Swift.swiftmodule/arm64e-apple-ios.swiftmodule /Applications/Xcode.app/Contents/Developer/Toolchains/XcodeDefault.xctoolchain/usr/lib/swift/iphoneos/prebuilt-modules/26.5/CoreMedia.swiftmodule/arm64e-apple-ios.swiftmodule /Applications/Xcode.app/Contents/Developer/Toolchains/XcodeDefault.xctoolchain/usr/lib/swift/iphoneos/prebuilt-modules/26.5/UIKit.swiftmodule/arm64e-apple-ios.swiftmodule /Applications/Xcode.app/Contents/Developer/Toolchains/XcodeDefault.xctoolchain/usr/lib/swift/iphoneos/prebuilt-modules/26.5/DeveloperToolsSupport.swiftmodule/arm64e-apple-ios.swiftmodule /Applications/Xcode.app/Contents/Developer/Toolchains/XcodeDefault.xctoolchain/usr/lib/swift/iphoneos/prebuilt-modules/26.5/DataDetection.swiftmodule/arm64e-apple-ios.swiftmodule /Applications/Xcode.app/Contents/Developer/Toolchains/XcodeDefault.xctoolchain/usr/lib/swift/iphoneos/prebuilt-modules/26.5/CoreMIDI.swiftmodule/arm64e-apple-ios.swiftmodule /Applications/Xcode.app/Contents/Developer/Toolchains/XcodeDefault.xctoolchain/usr/lib/swift/iphoneos/prebuilt-modules/26.5/AVFAudio.swiftmodule/arm64e-apple-ios.swiftmodule /Applications/Xcode.app/Contents/Developer/Toolchains/XcodeDefault.xctoolchain/usr/lib/swift/iphoneos/prebuilt-modules/26.5/CoreAudio.swiftmodule/arm64e-apple-ios.swiftmodule /Applications/Xcode.app/Contents/Developer/Toolchains/XcodeDefault.xctoolchain/usr/lib/swift/iphoneos/prebuilt-modules/26.5/CoreGraphics.swiftmodule/arm64e-apple-ios.swiftmodule /Applications/Xcode.app/Contents/Developer/Toolchains/XcodeDefault.xctoolchain/usr/lib/swift/iphoneos/prebuilt-modules/26.5/Distributed.swiftmodule/arm64e-apple-ios.swiftmodule /Applications/Xcode.app/Contents/Developer/Toolchains/XcodeDefault.xctoolchain/usr/lib/swift/iphoneos/prebuilt-modules/26.5/_DarwinFoundation1.swiftmodule/arm64e-apple-ios.swiftmodule /Applications/Xcode.app/Contents/Developer/Toolchains/XcodeDefault.xctoolchain/usr/lib/swift/iphoneos/prebuilt-modules/26.5/Spatial.swiftmodule/arm64e-apple-ios.swiftmodule /Applications/Xcode.app/Contents/Developer/Toolchains/XcodeDefault.xctoolchain/usr/lib/swift/iphoneos/prebuilt-modules/26.5/CoreImage.swiftmodule/arm64e-apple-ios.swiftmodule /Applications/Xcode.app/Contents/Developer/Toolchains/XcodeDefault.xctoolchain/usr/lib/swift/iphoneos/prebuilt-modules/26.5/Darwin.swiftmodule/arm64e-apple-ios.swiftmodule /Applications/Xcode.app/Contents/Developer/Toolchains/XcodeDefault.xctoolchain/usr/lib/swift/iphoneos/prebuilt-modules/26.5/CoreText.swiftmodule/arm64e-apple-ios.swiftmodule /Applications/Xcode.app/Contents/Developer/Toolchains/XcodeDefault.xctoolchain/usr/lib/swift/iphoneos/prebuilt-modules/26.5/_Builtin_float.swiftmodule/arm64e-apple-ios.swiftmodule /Applications/Xcode.app/Contents/Developer/Toolchains/XcodeDefault.xctoolchain/usr/lib/swift/iphoneos/prebuilt-modules/26.5/CoreVideo.swiftmodule/arm64e-apple-ios.swiftmodule /Applications/Xcode.app/Contents/Developer/Toolchains/XcodeDefault.xctoolchain/usr/lib/swift/iphoneos/prebuilt-modules/26.5/_Concurrency.swiftmodule/arm64e-apple-ios.swiftmodule /Applications/Xcode.app/Contents/Developer/Toolchains/XcodeDefault.xctoolchain/usr/lib/swift/iphoneos/prebuilt-modules/26.5/_StringProcessing.swiftmodule/arm64e-apple-ios.swiftmodule /Applications/Xcode.app/Contents/Developer/Toolchains/XcodeDefault.xctoolchain/usr/lib/swift/iphoneos/prebuilt-modules/26.5/CoreTransferable.swiftmodule/arm64e-apple-ios.swiftmodule /Applications/Xcode.app/Contents/Developer/Toolchains/XcodeDefault.xctoolchain/usr/lib/swift/iphoneos/prebuilt-modules/26.5/AudioToolbox.swiftmodule/arm64e-apple-ios.swiftmodule /Applications/Xcode.app/Contents/Developer/Toolchains/XcodeDefault.xctoolchain/usr/lib/swift/iphoneos/prebuilt-modules/26.5/FileProvider.swiftmodule/arm64e-apple-ios.swiftmodule /Applications/Xcode.app/Contents/Developer/Toolchains/XcodeDefault.xctoolchain/usr/lib/swift/iphoneos/prebuilt-modules/26.5/CoreData.swiftmodule/arm64e-apple-ios.swiftmodule /Applications/Xcode.app/Contents/Developer/Toolchains/XcodeDefault.xctoolchain/usr/lib/swift/iphoneos/prebuilt-modules/26.5/_DarwinFoundation3.swiftmodule/arm64e-apple-ios.swiftmodule /Applications/Xcode.app/Contents/Developer/Toolchains/XcodeDefault.xctoolchain/usr/lib/swift/iphoneos/prebuilt-modules/26.5/Network.swiftmodule/arm64e-apple-ios.swiftmodule /Applications/Xcode.app/Contents/Developer/Toolchains/XcodeDefault.xctoolchain/usr/lib/swift/iphoneos/prebuilt-modules/26.5/QuartzCore.swiftmodule/arm64e-apple-ios.swiftmodule /Users/ginlater/Library/Developer/Xcode/DerivedData/ModuleCache.noindex/DataDetection-5LAZSMQQUX13FPJOF0B9PGQC9.pcm /Users/ginlater/Library/Developer/Xcode/DerivedData/ModuleCache.noindex/_Builtin_intrinsics-9HKWHQR7XMMSJUYQPZRDZ7O5M.pcm /Users/ginlater/Library/Developer/Xcode/DerivedData/ModuleCache.noindex/Accessibility-3QWWM6JO3O8HKCLM95SKL34EW.pcm /Users/ginlater/Library/Developer/Xcode/DerivedData/ModuleCache.noindex/_Builtin_float-9J5D5SVEL3O7JVN0F7IVF3OWK.pcm /Users/ginlater/Library/Developer/Xcode/DerivedData/ModuleCache.noindex/sys_types-7AFKJ3M1OAN7D842JISBL0P8F.pcm /Users/ginlater/Library/Developer/Xcode/DerivedData/ModuleCache.noindex/Security-60UQBNHZ3BOYI9V53INJYLJNW.pcm /Users/ginlater/Library/Developer/Xcode/DerivedData/ModuleCache.noindex/DeveloperToolsSupport-1WHTWAF0EPPXEWIFHAOLD98ZW.pcm /Users/ginlater/Library/Developer/Xcode/DerivedData/ModuleCache.noindex/ptrauth-798P2DVBZCPO130SVOF84ZH42.pcm /Users/ginlater/Library/Developer/Xcode/DerivedData/ModuleCache.noindex/UniformTypeIdentifiers-9EE76X0OD4YL3R38925U4TM5S.pcm /Users/ginlater/Library/Developer/Xcode/DerivedData/ModuleCache.noindex/UIKit-4PUYCVGM9GRVRANKP8AG7SEF8.pcm /Users/ginlater/Library/Developer/Xcode/DerivedData/ModuleCache.noindex/CoreVideo-2JBXZZ1WCEBAMUYEU5L7XFC6A.pcm /Users/ginlater/Library/Developer/Xcode/DerivedData/ModuleCache.noindex/ImageIO-88ZTA7DNW80FLUPD9ZGTAXSF4.pcm /Users/ginlater/Library/Developer/Xcode/DerivedData/ModuleCache.noindex/BackgroundTasks-9VLOWD611TF0AEBAH81IDP6G5.pcm /Users/ginlater/Library/Developer/Xcode/DerivedData/ModuleCache.noindex/CoreMIDI-7T3RE5MY3BSX8CF6SOQZLS6UR.pcm /Users/ginlater/Library/Developer/Xcode/DerivedData/ModuleCache.noindex/OpenGLES-56TNIXCLDL9U67CRAWL3S7VWP.pcm /Users/ginlater/Library/Developer/Xcode/DerivedData/ModuleCache.noindex/CoreFoundation-50GQ40XYYU6P93RL4XGX3WMAX.pcm /Users/ginlater/Library/Developer/Xcode/DerivedData/ModuleCache.noindex/UIUtilities-7S0EAGZIJAK8VB1ODM962NJC2.pcm /Users/ginlater/Library/Developer/Xcode/DerivedData/ModuleCache.noindex/FileProvider-DW76XKHDI836AXM860RHPIR7F.pcm /Users/ginlater/Library/Developer/Xcode/DerivedData/ModuleCache.noindex/CFNetwork-C7BE2H2F8LFDQGCZBOZR7EL0F.pcm /Users/ginlater/Library/Developer/Xcode/DerivedData/ModuleCache.noindex/Dispatch-F1RW54M03TFK3HTROOIJ6PU46.pcm /Users/ginlater/Library/Developer/Xcode/DerivedData/ModuleCache.noindex/AVFoundation-94XD0OJNJCIIPMMLKLIV97OXC.pcm /Users/ginlater/Library/Developer/Xcode/DerivedData/ModuleCache.noindex/MediaToolbox-543SIMURNFR2EIOE6N0SOONYL.pcm /Users/ginlater/Library/Developer/Xcode/DerivedData/ModuleCache.noindex/ptrcheck-676IQFXNLLEUB6626PF4UNNE1.pcm /Users/ginlater/Library/Developer/Xcode/DerivedData/ModuleCache.noindex/ObjectiveC-EV9JRIN6GV66S8IEPNEA2YGXU.pcm /Users/ginlater/Library/Developer/Xcode/DerivedData/ModuleCache.noindex/_DarwinFoundation2-EN5AHJX2GFYK4X84S0CZ2LZ7L.pcm /Users/ginlater/Library/Developer/Xcode/DerivedData/ModuleCache.noindex/_Builtin_tgmath-26BX9SL024KRKC2HUT2I43NOZ.pcm /Users/ginlater/Library/Developer/Xcode/DerivedData/ModuleCache.noindex/_DarwinFoundation1-B5QFJ04HREJNYU9CQA9P7ROB5.pcm /Users/ginlater/Library/Developer/Xcode/DerivedData/ModuleCache.noindex/Metal-E1EH2J6P417SFGQY7F04UEIOR.pcm /Users/ginlater/Library/Developer/Xcode/DerivedData/ModuleCache.noindex/os_object-MV7WFQUSXK6SN6BG75FM6CEL.pcm /Users/ginlater/Library/Developer/Xcode/DerivedData/ModuleCache.noindex/MachO-ERCCB9CJ7ZI1VZNM6AE1FUI7Z.pcm /Users/ginlater/Library/Developer/Xcode/DerivedData/ModuleCache.noindex/CoreImage-C7HYP8FOQWQ5M354N9K94ZBKI.pcm /Users/ginlater/Library/Developer/Xcode/DerivedData/ModuleCache.noindex/CoreText-19SETKAFIE3A2EAZ4IM4SHSEU.pcm /Users/ginlater/Library/Developer/Xcode/DerivedData/ModuleCache.noindex/AudioToolbox-D501037AK4QOE54X5P44MOBYQ.pcm /Users/ginlater/Library/Developer/Xcode/DerivedData/ModuleCache.noindex/_Builtin_stdbool-2UUQXDW0J9W1HGMQV0VAA4U4E.pcm /Users/ginlater/Library/Developer/Xcode/DerivedData/ModuleCache.noindex/os-3HLE9GSRFERPLSQ0R0493CHEQ.pcm /Users/ginlater/Library/Developer/Xcode/DerivedData/ModuleCache.noindex/SwiftUICore-7ODDJI4YPVEI9RXWSTYUGFHWA.pcm /Users/ginlater/Library/Developer/Xcode/DerivedData/ModuleCache.noindex/IOSurface-3FOTC0TOJW05VJPPOSA1Z5FN9.pcm /Users/ginlater/Library/Developer/Xcode/DerivedData/ModuleCache.noindex/_DarwinFoundation3-BXEFLBYVK8XMUXAIHZGMGF8SI.pcm /Users/ginlater/Library/Developer/Xcode/DerivedData/ModuleCache.noindex/_Builtin_stddef-BM7MAKFKVDE7D9DBUFJKYCNHW.pcm /Users/ginlater/Library/Developer/Xcode/DerivedData/ModuleCache.noindex/CoreGraphics-DP8TEQWVGEOQYPW6H0NJ3HQ65.pcm /Users/ginlater/Library/Developer/Xcode/DerivedData/ModuleCache.noindex/_AvailabilityInternal-94EALPIGF7QFPL20VZ8CDSCNL.pcm /Users/ginlater/Library/Developer/Xcode/DerivedData/ModuleCache.noindex/_Builtin_stdarg-2GP27I9LURE744FTEDT818O24.pcm /Users/ginlater/Library/Developer/Xcode/DerivedData/ModuleCache.noindex/_Builtin_limits-9K1LM9FRHHP4BNX93KYT0S2V8.pcm /Users/ginlater/Library/Developer/Xcode/DerivedData/ModuleCache.noindex/Symbols-BIVKEDRM1Z24039CI5RUZOZOR.pcm /Users/ginlater/Library/Developer/Xcode/DerivedData/ModuleCache.noindex/_Builtin_stdint-7E53BAWJ896Z1P8SXA26JYEOW.pcm /Users/ginlater/Library/Developer/Xcode/DerivedData/ModuleCache.noindex/QuartzCore-4SJOAA9B7DQAWC10Y72441ZX.pcm /Users/ginlater/Library/Developer/Xcode/DerivedData/ModuleCache.noindex/Spatial-EZTP309ARNUJPROQG0WJ2H3FY.pcm /Users/ginlater/Library/Developer/Xcode/DerivedData/ModuleCache.noindex/Foundation-EWWZ5FABW025ABOJYK2PAO2WV.pcm /Users/ginlater/Library/Developer/Xcode/DerivedData/ModuleCache.noindex/_Builtin_inttypes-3PETUTYA51U7JIN9E7QQ02BC2.pcm /Users/ginlater/Library/Developer/Xcode/DerivedData/ModuleCache.noindex/dnssd-CX9YADWC7DJSEAZUKSWKHY4TJ.pcm /Users/ginlater/Library/Developer/Xcode/DerivedData/ModuleCache.noindex/SwiftUI-1Q0KTSAUBAJ449XTNNQLZNMII.pcm /Users/ginlater/Library/Developer/Xcode/DerivedData/ModuleCache.noindex/_Builtin_stdatomic-DBM0R5J88PPWTGLF42UE3KGWV.pcm /Users/ginlater/Library/Developer/Xcode/DerivedData/ModuleCache.noindex/AVFAudio-7HMCJYVNKO1I2PXMTDIGLDNZZ.pcm /Users/ginlater/Library/Developer/Xcode/DerivedData/ModuleCache.noindex/AVRouting-2HY7X3MZAEG40THW6F8Z3SQAQ.pcm /Users/ginlater/Library/Developer/Xcode/DerivedData/ModuleCache.noindex/simd-AE73QGH6Q3GOO7UK8NCZ0O9KT.pcm /Users/ginlater/Library/Developer/Xcode/DerivedData/ModuleCache.noindex/Network-5YYYKPQVFBVMQ7KQL5UA7DMS5.pcm /Users/ginlater/Library/Developer/Xcode/DerivedData/ModuleCache.noindex/CoreMedia-1V5J51V2IDP3LEDPHRMD14CGD.pcm /Users/ginlater/Library/Developer/Xcode/DerivedData/ModuleCache.noindex/CoreAudioTypes-DTM8AIRQ5XTGW4D44THFGIXHA.pcm /Users/ginlater/Library/Developer/Xcode/DerivedData/ModuleCache.noindex/_SwiftConcurrencyShims-CWEO1U08YR4MLJ7BIRFNZP31.pcm /Users/ginlater/Library/Developer/Xcode/DerivedData/ModuleCache.noindex/os_workgroup-2DY4APWXUOBZS90DEGAN059ML.pcm /Users/ginlater/Library/Developer/Xcode/DerivedData/ModuleCache.noindex/CoreTransferable-8RZ0AQD5LJQGVG4P0QPXBKMAW.pcm /Users/ginlater/Library/Developer/Xcode/DerivedData/ModuleCache.noindex/UserNotifications-61P0Z0XDWYWNN1HV0JCI1NXDP.pcm /Users/ginlater/Library/Developer/Xcode/DerivedData/ModuleCache.noindex/XPC-69NY4BHI7FSE5JVYAT89J5KDD.pcm /Users/ginlater/Library/Developer/Xcode/DerivedData/ModuleCache.noindex/CoreBluetooth-8HCZADAURBWI0ZKBXXSWMCQ35.pcm /Users/ginlater/Library/Developer/Xcode/DerivedData/ModuleCache.noindex/Darwin-637ZHANN74TV6CCOVD9YRPMBH.pcm /Users/ginlater/Library/Developer/Xcode/DerivedData/ModuleCache.noindex/CoreAudio-9MXAK89YIDLLWZBFUDUBRY1Z9.pcm /Users/ginlater/Library/Developer/Xcode/DerivedData/ModuleCache.noindex/CoreData-1MCV04K0RKY55OK8NUSG2U9IZ.pcm /Users/ginlater/Library/Developer/Xcode/DerivedData/ModuleCache.noindex/SwiftShims-4RLRWEAK7MMQCIKWHIFTKJDL1.pcm /Users/ginlater/Library/Developer/Xcode/DerivedData/ModuleCache.noindex/OSLog-2YQ581B3424KELJPP0O249CGF.pcm /Users/ginlater/Library/Developer/Xcode/DerivedData/MeiliCompanion-daaipkjjszuugjcavsddayxzipcs/Build/Intermediates.noindex/ArchiveIntermediates/MeiliCompanion/IntermediateBuildFilesPath/MeiliCompanion.build/Release-iphoneos/MeiliCompanion.build/Objects-normal/arm64/MeiliCompanion-dependencies-1.json /Users/ginlater/Library/Developer/Xcode/DerivedData/MeiliCompanion-daaipkjjszuugjcavsddayxzipcs/Build/Intermediates.noindex/ArchiveIntermediates/MeiliCompanion/IntermediateBuildFilesPath/MeiliCompanion.build/Release-iphoneos/MeiliCompanion.build/Objects-normal/arm64/MeiliCompanion-primary-Bridging-header.pch (in target 'MeiliCompanion' from project 'MeiliCompanion')

CompileSwift normal arm64 (in target 'MeiliCompanion' from project 'MeiliCompanion')
    cd /Users/ginlater/code/persist创业/sm身美/android/gp-system/ios_app/MeiliCompanion
    
/Users/ginlater/code/persist创业/sm身美/android/gp-system/ios_app/MeiliCompanion/Sources/Features/Archive/ArchiveView.swift:19:90: warning: backward matching of the unlabeled trailing closure is deprecated; label the argument with 'actions' to suppress this warning
                MeiliTopBar(title: "报告", subtitle: "你名下的接诊分析报告") {
/Users/ginlater/code/persist创业/sm身美/android/gp-system/ios_app/MeiliCompanion/Sources/DesignSystem/Components/MeiliTopBar.swift:11:5: note: 'init(title:subtitle:onBack:actions:)' declared here
    init(title: String, subtitle: String? = nil, onBack: (() -> Void)? = nil,
    ^
/Users/ginlater/code/persist创业/sm身美/android/gp-system/ios_app/MeiliCompanion/Sources/Features/Report/AudioPlayer.swift:38:18: warning: main actor-isolated property 'current' can not be mutated from a Sendable closure
            self.current = t.seconds.isFinite ? t.seconds : 0
                 ^
/Users/ginlater/code/persist创业/sm身美/android/gp-system/ios_app/MeiliCompanion/Sources/Features/Report/AudioPlayer.swift:8:20: note: mutation of this property is only permitted within the actor
    @Published var current: Double = 0
                   ^
/Users/ginlater/code/persist创业/sm身美/android/gp-system/ios_app/MeiliCompanion/Sources/Features/Report/AudioPlayer.swift:40:22: warning: main actor-isolated property 'duration' can not be mutated from a Sendable closure
                self.duration = d; self.ready = true
                     ^
/Users/ginlater/code/persist创业/sm身美/android/gp-system/ios_app/MeiliCompanion/Sources/Features/Report/AudioPlayer.swift:9:20: note: mutation of this property is only permitted within the actor
    @Published var duration: Double = 0
                   ^
/Users/ginlater/code/persist创业/sm身美/android/gp-system/ios_app/MeiliCompanion/Sources/Features/Report/AudioPlayer.swift:40:41: warning: main actor-isolated property 'ready' can not be mutated from a Sendable closure
                self.duration = d; self.ready = true
                                        ^
/Users/ginlater/code/persist创业/sm身美/android/gp-system/ios_app/MeiliCompanion/Sources/Features/Report/AudioPlayer.swift:10:20: note: mutation of this property is only permitted within the actor
    @Published var ready = false
                   ^
/Users/ginlater/code/persist创业/sm身美/android/gp-system/ios_app/MeiliCompanion/Sources/DesignSystem/NavSwipeBack.swift:9:1: warning: extension declares a conformance of imported type 'UINavigationController' to imported protocol 'UIGestureRecognizerDelegate'; this will not behave correctly if the owners of 'UIKit' introduce this conformance in the future
extension UINavigationController: UIGestureRecognizerDelegate {
^
/Users/ginlater/code/persist创业/sm身美/android/gp-system/ios_app/MeiliCompanion/Sources/DesignSystem/NavSwipeBack.swift:9:1: note: add '@retroactive' to silence this warning
extension UINavigationController: UIGestureRecognizerDelegate {
^                                 ~~~~~~~~~~~~~~~~~~~~~~~~~~~
                                  @retroactive UIGestureRecognizerDelegate
/Users/ginlater/code/persist创业/sm身美/android/gp-system/ios_app/MeiliCompanion/Sources/Recording/PhoneMicRecorder.swift:22:75: warning: 'allowBluetooth' was deprecated in iOS 8.0: renamed to 'AVAudioSession.CategoryOptions.allowBluetoothHFP'
                                            options: [.defaultToSpeaker, .allowBluetooth, .allowBluetoothA2DP])
                                                                          ^
/Users/ginlater/code/persist创业/sm身美/android/gp-system/ios_app/MeiliCompanion/Sources/Recording/PhoneMicRecorder.swift:22:75: note: use 'AVAudioSession.CategoryOptions.allowBluetoothHFP' instead
                                            options: [.defaultToSpeaker, .allowBluetooth, .allowBluetoothA2DP])
                                                                          ^~~~~~~~~~~~~~
                                                                          AVAudioSession.CategoryOptions.allowBluetoothHFP
/Users/ginlater/code/persist创业/sm身美/android/gp-system/ios_app/MeiliCompanion/Sources/Features/Reception/ReceptionView.swift:24:117: warning: backward matching of the unlabeled trailing closure is deprecated; label the argument with 'actions' to suppress this warning
                MeiliTopBar(title: "今日接诊", subtitle: "陪伴前后，把今天要接诊的顾客加进来") {
/Users/ginlater/code/persist创业/sm身美/android/gp-system/ios_app/MeiliCompanion/Sources/DesignSystem/Components/MeiliTopBar.swift:11:5: note: 'init(title:subtitle:onBack:actions:)' declared here
    init(title: String, subtitle: String? = nil, onBack: (() -> Void)? = nil,
    ^
/Users/ginlater/code/persist创业/sm身美/android/gp-system/ios_app/MeiliCompanion/Sources/Recording/RecordingManager.swift:470:26: warning: result of 'try?' is unused
            if let pid { try? await ConsultantRepo.cancelPlaceholder(pid) }
                         ^~~~~~~~~~~~~~~~~~~~~~~~~~~~~~~~~~~~~~~~~~~~~~~~
/Users/ginlater/code/persist创业/sm身美/android/gp-system/ios_app/MeiliCompanion/Sources/Features/Main/MainShell.swift:178:9: warning: default will never be executed
        default:
        ^

SwiftDriverJobDiscovery normal arm64 Compiling APIClient.swift, AdminHomeView.swift, AppRoute.swift, AppState.swift, ArchiveView.swift, ArchiveViewModel.swift, AudioPlayer.swift, AuthManager.swift, BindCustomerView.swift, BindCustomerViewModel.swift, Collapsible.swift, CompanionButton.swift, ConsultantRepo.swift, CredentialStore.swift, CustomerDetailView.swift, CustomerDetailViewModel.swift, CustomerProfile.swift, CustomerView.swift, CustomerViewModel.swift, FlowWrap.swift, HomeView.swift, HomeViewModel.swift, LoginView.swift, LoginViewModel.swift, MainShell.swift, MarkdownLite.swift, MeiliAvatar.swift, MeiliBanner.swift, MeiliButton.swift, MeiliCard.swift, MeiliColor.swift, MeiliCompanionApp.swift, MeiliField.swift, MeiliFont.swift, MeiliIcon.swift, MeiliMetric.swift, MeiliTopBar.swift, Models.swift, NavSwipeBack.swift, OggOpusWriter.swift, PenBluetoothWatch.swift, PenController.swift, PenLog.swift, PenScanSheet.swift, PendingViewModel.swift, PhoneMicRecorder.swift, ReceptionView.swift, ReceptionViewModel.swift, RecordKeepAlive.swift, RecordingManager.swift, ReminderNotifier.swift, ReminderRefresh.swift, RemindersView.swift, RemindersViewModel.swift, ReportView.swift, ReportViewModel.swift, RequestBodies.swift, RootView.swift, SVGPath.swift, SectionLabel.swift, SessionList.swift, SessionPreviewView.swift, SessionPreviewViewModel.swift, SessionReport.swift, SettingsView.swift, SplashView.swift, StatusPill.swift, StringExt.swift, Task.swift, ThemeManager.swift, UploadQueue.swift, GeneratedAssetSymbols.swift (in target 'MeiliCompanion' from project 'MeiliCompanion')

SwiftDriver\ Compilation\ Requirements MeiliCompanion normal arm64 com.apple.xcode.tools.swift.compiler (in target 'MeiliCompanion' from project 'MeiliCompanion')
    cd /Users/ginlater/code/persist创业/sm身美/android/gp-system/ios_app/MeiliCompanion
    builtin-Swift-Compilation-Requirements -- /Applications/Xcode.app/Contents/Developer/Toolchains/XcodeDefault.xctoolchain/usr/bin/swiftc -module-name MeiliCompanion -O -whole-module-optimization @/Users/ginlater/Library/Developer/Xcode/DerivedData/MeiliCompanion-daaipkjjszuugjcavsddayxzipcs/Build/Intermediates.noindex/ArchiveIntermediates/MeiliCompanion/IntermediateBuildFilesPath/MeiliCompanion.build/Release-iphoneos/MeiliCompanion.build/Objects-normal/arm64/MeiliCompanion.SwiftFileList -enable-bare-slash-regex -enable-experimental-feature DebugDescriptionMacro -sdk /Applications/Xcode.app/Contents/Developer/Platforms/iPhoneOS.platform/Developer/SDKs/iPhoneOS26.5.sdk -target arm64-apple-ios16.0 -g -module-cache-path /Users/ginlater/Library/Developer/Xcode/DerivedData/ModuleCache.noindex -Xfrontend -serialize-debugging-options -swift-version 5 -I /Users/ginlater/Library/Developer/Xcode/DerivedData/MeiliCompanion-daaipkjjszuugjcavsddayxzipcs/Build/Intermediates.noindex/ArchiveIntermediates/MeiliCompanion/BuildProductsPath/Release-iphoneos -F /Users/ginlater/Library/Developer/Xcode/DerivedData/MeiliCompanion-daaipkjjszuugjcavsddayxzipcs/Build/Intermediates.noindex/ArchiveIntermediates/MeiliCompanion/BuildProductsPath/Release-iphoneos -c -num-threads 12 -Xcc -ivfsstatcache -Xcc /Users/ginlater/Library/Developer/Xcode/DerivedData/SDKStatCaches.noindex/iphoneos26.5-23F73-32daed1954a7d5dd0789fcaf2a9bb78b.sdkstatcache -output-file-map /Users/ginlater/Library/Developer/Xcode/DerivedData/MeiliCompanion-daaipkjjszuugjcavsddayxzipcs/Build/Intermediates.noindex/ArchiveIntermediates/MeiliCompanion/IntermediateBuildFilesPath/MeiliCompanion.build/Release-iphoneos/MeiliCompanion.build/Objects-normal/arm64/MeiliCompanion-OutputFileMap.json -use-frontend-parseable-output -save-temps -no-color-diagnostics -explicit-module-build -module-cache-path /Users/ginlater/Library/Developer/Xcode/DerivedData/MeiliCompanion-daaipkjjszuugjcavsddayxzipcs/Build/Intermediates.noindex/ArchiveIntermediates/MeiliCompanion/IntermediateBuildFilesPath/SwiftExplicitPrecompiledModules -clang-scanner-module-cache-path /Users/ginlater/Library/Developer/Xcode/DerivedData/ModuleCache.noindex -sdk-module-cache-path /Users/ginlater/Library/Developer/Xcode/DerivedData/ModuleCache.noindex -serialize-diagnostics -emit-dependencies -emit-module -emit-module-path /Users/ginlater/Library/Developer/Xcode/DerivedData/MeiliCompanion-daaipkjjszuugjcavsddayxzipcs/Build/Intermediates.noindex/ArchiveIntermediates/MeiliCompanion/IntermediateBuildFilesPath/MeiliCompanion.build/Release-iphoneos/MeiliCompanion.build/Objects-normal/arm64/MeiliCompanion.swiftmodule -validate-clang-modules-once -clang-build-session-file /Users/ginlater/Library/Developer/Xcode/DerivedData/ModuleCache.noindex/Session.modulevalidation -Xcc -I/Users/ginlater/Library/Developer/Xcode/DerivedData/MeiliCompanion-daaipkjjszuugjcavsddayxzipcs/Build/Intermediates.noindex/ArchiveIntermediates/MeiliCompanion/IntermediateBuildFilesPath/MeiliCompanion.build/Release-iphoneos/MeiliCompanion.build/swift-overrides.hmap -emit-const-values -Xfrontend -const-gather-protocols-file -Xfrontend /Users/ginlater/Library/Developer/Xcode/DerivedData/MeiliCompanion-daaipkjjszuugjcavsddayxzipcs/Build/Intermediates.noindex/ArchiveIntermediates/MeiliCompanion/IntermediateBuildFilesPath/MeiliCompanion.build/Release-iphoneos/MeiliCompanion.build/Objects-normal/arm64/MeiliCompanion_const_extract_protocols.json -Xcc -iquote -Xcc /Users/ginlater/Library/Developer/Xcode/DerivedData/MeiliCompanion-daaipkjjszuugjcavsddayxzipcs/Build/Intermediates.noindex/ArchiveIntermediates/MeiliCompanion/IntermediateBuildFilesPath/MeiliCompanion.build/Release-iphoneos/MeiliCompanion.build/MeiliCompanion-generated-files.hmap -Xcc -I/Users/ginlater/Library/Developer/Xcode/DerivedData/MeiliCompanion-daaipkjjszuugjcavsddayxzipcs/Build/Intermediates.noindex/ArchiveIntermediates/MeiliCompanion/IntermediateBuildFilesPath/MeiliCompanion.build/Release-iphoneos/MeiliCompanion.build/MeiliCompanion-own-target-headers.hmap -Xcc -I/Users/ginlater/Library/Developer/Xcode/DerivedData/MeiliCompanion-daaipkjjszuugjcavsddayxzipcs/Build/Intermediates.noindex/ArchiveIntermediates/MeiliCompanion/IntermediateBuildFilesPath/MeiliCompanion.build/Release-iphoneos/MeiliCompanion.build/MeiliCompanion-all-target-headers.hmap -Xcc -iquote -Xcc /Users/ginlater/Library/Developer/Xcode/DerivedData/MeiliCompanion-daaipkjjszuugjcavsddayxzipcs/Build/Intermediates.noindex/ArchiveIntermediates/MeiliCompanion/IntermediateBuildFilesPath/MeiliCompanion.build/Release-iphoneos/MeiliCompanion.build/MeiliCompanion-project-headers.hmap -Xcc -I/Users/ginlater/Library/Developer/Xcode/DerivedData/MeiliCompanion-daaipkjjszuugjcavsddayxzipcs/Build/Intermediates.noindex/ArchiveIntermediates/MeiliCompanion/BuildProductsPath/Release-iphoneos/include -Xcc -I/Users/ginlater/code/persist创业/sm身美/android/gp-system/ios_app/MeiliCompanion/Vendor/sonilib -Xcc -I/Users/ginlater/Library/Developer/Xcode/DerivedData/MeiliCompanion-daaipkjjszuugjcavsddayxzipcs/Build/Intermediates.noindex/ArchiveIntermediates/MeiliCompanion/IntermediateBuildFilesPath/MeiliCompanion.build/Release-iphoneos/MeiliCompanion.build/DerivedSources-normal/arm64 -Xcc -I/Users/ginlater/Library/Developer/Xcode/DerivedData/MeiliCompanion-daaipkjjszuugjcavsddayxzipcs/Build/Intermediates.noindex/ArchiveIntermediates/MeiliCompanion/IntermediateBuildFilesPath/MeiliCompanion.build/Release-iphoneos/MeiliCompanion.build/DerivedSources/arm64 -Xcc -I/Users/ginlater/Library/Developer/Xcode/DerivedData/MeiliCompanion-daaipkjjszuugjcavsddayxzipcs/Build/Intermediates.noindex/ArchiveIntermediates/MeiliCompanion/IntermediateBuildFilesPath/MeiliCompanion.build/Release-iphoneos/MeiliCompanion.build/DerivedSources -emit-objc-header -emit-objc-header-path /Users/ginlater/Library/Developer/Xcode/DerivedData/MeiliCompanion-daaipkjjszuugjcavsddayxzipcs/Build/Intermediates.noindex/ArchiveIntermediates/MeiliCompanion/IntermediateBuildFilesPath/MeiliCompanion.build/Release-iphoneos/MeiliCompanion.build/Objects-normal/arm64/MeiliCompanion-Swift.h -import-objc-header /Users/ginlater/code/persist创业/sm身美/android/gp-system/ios_app/MeiliCompanion/Vendor/Bridging-Header.h -working-directory /Users/ginlater/code/persist创业/sm身美/android/gp-system/ios_app/MeiliCompanion -no-emit-module-separately-wmo

SwiftMergeGeneratedHeaders /Users/ginlater/Library/Developer/Xcode/DerivedData/MeiliCompanion-daaipkjjszuugjcavsddayxzipcs/Build/Intermediates.noindex/ArchiveIntermediates/MeiliCompanion/IntermediateBuildFilesPath/MeiliCompanion.build/Release-iphoneos/MeiliCompanion.build/DerivedSources/MeiliCompanion-Swift.h /Users/ginlater/Library/Developer/Xcode/DerivedData/MeiliCompanion-daaipkjjszuugjcavsddayxzipcs/Build/Intermediates.noindex/ArchiveIntermediates/MeiliCompanion/IntermediateBuildFilesPath/MeiliCompanion.build/Release-iphoneos/MeiliCompanion.build/Objects-normal/arm64/MeiliCompanion-Swift.h (in target 'MeiliCompanion' from project 'MeiliCompanion')
    cd /Users/ginlater/code/persist创业/sm身美/android/gp-system/ios_app/MeiliCompanion
    builtin-swiftHeaderTool -arch arm64 /Users/ginlater/Library/Developer/Xcode/DerivedData/MeiliCompanion-daaipkjjszuugjcavsddayxzipcs/Build/Intermediates.noindex/ArchiveIntermediates/MeiliCompanion/IntermediateBuildFilesPath/MeiliCompanion.build/Release-iphoneos/MeiliCompanion.build/Objects-normal/arm64/MeiliCompanion-Swift.h -o /Users/ginlater/Library/Developer/Xcode/DerivedData/MeiliCompanion-daaipkjjszuugjcavsddayxzipcs/Build/Intermediates.noindex/ArchiveIntermediates/MeiliCompanion/IntermediateBuildFilesPath/MeiliCompanion.build/Release-iphoneos/MeiliCompanion.build/DerivedSources/MeiliCompanion-Swift.h

Copy /Users/ginlater/Library/Developer/Xcode/DerivedData/MeiliCompanion-daaipkjjszuugjcavsddayxzipcs/Build/Intermediates.noindex/ArchiveIntermediates/MeiliCompanion/BuildProductsPath/Release-iphoneos/MeiliCompanion.swiftmodule/arm64-apple-ios.swiftmodule /Users/ginlater/Library/Developer/Xcode/DerivedData/MeiliCompanion-daaipkjjszuugjcavsddayxzipcs/Build/Intermediates.noindex/ArchiveIntermediates/MeiliCompanion/IntermediateBuildFilesPath/MeiliCompanion.build/Release-iphoneos/MeiliCompanion.build/Objects-normal/arm64/MeiliCompanion.swiftmodule (in target 'MeiliCompanion' from project 'MeiliCompanion')
    cd /Users/ginlater/code/persist创业/sm身美/android/gp-system/ios_app/MeiliCompanion
    builtin-copy -exclude .DS_Store -exclude CVS -exclude .svn -exclude .git -exclude .hg -resolve-src-symlinks -rename /Users/ginlater/Library/Developer/Xcode/DerivedData/MeiliCompanion-daaipkjjszuugjcavsddayxzipcs/Build/Intermediates.noindex/ArchiveIntermediates/MeiliCompanion/IntermediateBuildFilesPath/MeiliCompanion.build/Release-iphoneos/MeiliCompanion.build/Objects-normal/arm64/MeiliCompanion.swiftmodule /Users/ginlater/Library/Developer/Xcode/DerivedData/MeiliCompanion-daaipkjjszuugjcavsddayxzipcs/Build/Intermediates.noindex/ArchiveIntermediates/MeiliCompanion/BuildProductsPath/Release-iphoneos/MeiliCompanion.swiftmodule/arm64-apple-ios.swiftmodule

Copy /Users/ginlater/Library/Developer/Xcode/DerivedData/MeiliCompanion-daaipkjjszuugjcavsddayxzipcs/Build/Intermediates.noindex/ArchiveIntermediates/MeiliCompanion/BuildProductsPath/Release-iphoneos/MeiliCompanion.swiftmodule/arm64-apple-ios.swiftdoc /Users/ginlater/Library/Developer/Xcode/DerivedData/MeiliCompanion-daaipkjjszuugjcavsddayxzipcs/Build/Intermediates.noindex/ArchiveIntermediates/MeiliCompanion/IntermediateBuildFilesPath/MeiliCompanion.build/Release-iphoneos/MeiliCompanion.build/Objects-normal/arm64/MeiliCompanion.swiftdoc (in target 'MeiliCompanion' from project 'MeiliCompanion')
    cd /Users/ginlater/code/persist创业/sm身美/android/gp-system/ios_app/MeiliCompanion
    builtin-copy -exclude .DS_Store -exclude CVS -exclude .svn -exclude .git -exclude .hg -resolve-src-symlinks -rename /Users/ginlater/Library/Developer/Xcode/DerivedData/MeiliCompanion-daaipkjjszuugjcavsddayxzipcs/Build/Intermediates.noindex/ArchiveIntermediates/MeiliCompanion/IntermediateBuildFilesPath/MeiliCompanion.build/Release-iphoneos/MeiliCompanion.build/Objects-normal/arm64/MeiliCompanion.swiftdoc /Users/ginlater/Library/Developer/Xcode/DerivedData/MeiliCompanion-daaipkjjszuugjcavsddayxzipcs/Build/Intermediates.noindex/ArchiveIntermediates/MeiliCompanion/BuildProductsPath/Release-iphoneos/MeiliCompanion.swiftmodule/arm64-apple-ios.swiftdoc

Copy /Users/ginlater/Library/Developer/Xcode/DerivedData/MeiliCompanion-daaipkjjszuugjcavsddayxzipcs/Build/Intermediates.noindex/ArchiveIntermediates/MeiliCompanion/BuildProductsPath/Release-iphoneos/MeiliCompanion.swiftmodule/arm64-apple-ios.abi.json /Users/ginlater/Library/Developer/Xcode/DerivedData/MeiliCompanion-daaipkjjszuugjcavsddayxzipcs/Build/Intermediates.noindex/ArchiveIntermediates/MeiliCompanion/IntermediateBuildFilesPath/MeiliCompanion.build/Release-iphoneos/MeiliCompanion.build/Objects-normal/arm64/MeiliCompanion.abi.json (in target 'MeiliCompanion' from project 'MeiliCompanion')
    cd /Users/ginlater/code/persist创业/sm身美/android/gp-system/ios_app/MeiliCompanion
    builtin-copy -exclude .DS_Store -exclude CVS -exclude .svn -exclude .git -exclude .hg -resolve-src-symlinks -rename /Users/ginlater/Library/Developer/Xcode/DerivedData/MeiliCompanion-daaipkjjszuugjcavsddayxzipcs/Build/Intermediates.noindex/ArchiveIntermediates/MeiliCompanion/IntermediateBuildFilesPath/MeiliCompanion.build/Release-iphoneos/MeiliCompanion.build/Objects-normal/arm64/MeiliCompanion.abi.json /Users/ginlater/Library/Developer/Xcode/DerivedData/MeiliCompanion-daaipkjjszuugjcavsddayxzipcs/Build/Intermediates.noindex/ArchiveIntermediates/MeiliCompanion/BuildProductsPath/Release-iphoneos/MeiliCompanion.swiftmodule/arm64-apple-ios.abi.json

Ld /Users/ginlater/Library/Developer/Xcode/DerivedData/MeiliCompanion-daaipkjjszuugjcavsddayxzipcs/Build/Intermediates.noindex/ArchiveIntermediates/MeiliCompanion/InstallationBuildProductsLocation/Applications/MeiliCompanion.app/MeiliCompanion normal (in target 'MeiliCompanion' from project 'MeiliCompanion')
    cd /Users/ginlater/code/persist创业/sm身美/android/gp-system/ios_app/MeiliCompanion
    /Applications/Xcode.app/Contents/Developer/Toolchains/XcodeDefault.xctoolchain/usr/bin/clang -Xlinker -reproducible -target arm64-apple-ios16.0 -isysroot /Applications/Xcode.app/Contents/Developer/Platforms/iPhoneOS.platform/Developer/SDKs/iPhoneOS26.5.sdk -Os -L/Users/ginlater/Library/Developer/Xcode/DerivedData/MeiliCompanion-daaipkjjszuugjcavsddayxzipcs/Build/Intermediates.noindex/ArchiveIntermediates/MeiliCompanion/IntermediateBuildFilesPath/EagerLinkingTBDs/Release-iphoneos -L/Users/ginlater/Library/Developer/Xcode/DerivedData/MeiliCompanion-daaipkjjszuugjcavsddayxzipcs/Build/Intermediates.noindex/ArchiveIntermediates/MeiliCompanion/BuildProductsPath/Release-iphoneos -L/Users/ginlater/code/persist创业/sm身美/android/gp-system/ios_app/MeiliCompanion/Vendor/sonilib -F/Users/ginlater/Library/Developer/Xcode/DerivedData/MeiliCompanion-daaipkjjszuugjcavsddayxzipcs/Build/Intermediates.noindex/ArchiveIntermediates/MeiliCompanion/IntermediateBuildFilesPath/EagerLinkingTBDs/Release-iphoneos -F/Users/ginlater/Library/Developer/Xcode/DerivedData/MeiliCompanion-daaipkjjszuugjcavsddayxzipcs/Build/Intermediates.noindex/ArchiveIntermediates/MeiliCompanion/BuildProductsPath/Release-iphoneos -filelist /Users/ginlater/Library/Developer/Xcode/DerivedData/MeiliCompanion-daaipkjjszuugjcavsddayxzipcs/Build/Intermediates.noindex/ArchiveIntermediates/MeiliCompanion/IntermediateBuildFilesPath/MeiliCompanion.build/Release-iphoneos/MeiliCompanion.build/Objects-normal/arm64/MeiliCompanion.LinkFileList -Xlinker -rpath -Xlinker /usr/lib/swift -Xlinker -rpath -Xlinker @executable_path/Frameworks -Xlinker -dead_strip -Xlinker -object_path_lto -Xlinker /Users/ginlater/Library/Developer/Xcode/DerivedData/MeiliCompanion-daaipkjjszuugjcavsddayxzipcs/Build/Intermediates.noindex/ArchiveIntermediates/MeiliCompanion/IntermediateBuildFilesPath/MeiliCompanion.build/Release-iphoneos/MeiliCompanion.build/Objects-normal/arm64/MeiliCompanion_lto.o -Xlinker -final_output -Xlinker /Applications/MeiliCompanion.app/MeiliCompanion -Xlinker -dependency_info -Xlinker /Users/ginlater/Library/Developer/Xcode/DerivedData/MeiliCompanion-daaipkjjszuugjcavsddayxzipcs/Build/Intermediates.noindex/ArchiveIntermediates/MeiliCompanion/IntermediateBuildFilesPath/MeiliCompanion.build/Release-iphoneos/MeiliCompanion.build/Objects-normal/arm64/MeiliCompanion_dependency_info.dat -fobjc-link-runtime -L/Applications/Xcode.app/Contents/Developer/Toolchains/XcodeDefault.xctoolchain/usr/lib/swift/iphoneos -L/usr/lib/swift -Xlinker -add_ast_path -Xlinker /Users/ginlater/Library/Developer/Xcode/DerivedData/MeiliCompanion-daaipkjjszuugjcavsddayxzipcs/Build/Intermediates.noindex/ArchiveIntermediates/MeiliCompanion/IntermediateBuildFilesPath/MeiliCompanion.build/Release-iphoneos/MeiliCompanion.build/Objects-normal/arm64/MeiliCompanion.swiftmodule @/Users/ginlater/Library/Developer/Xcode/DerivedData/MeiliCompanion-daaipkjjszuugjcavsddayxzipcs/Build/Intermediates.noindex/ArchiveIntermediates/MeiliCompanion/IntermediateBuildFilesPath/MeiliCompanion.build/Release-iphoneos/MeiliCompanion.build/Objects-normal/arm64/MeiliCompanion-linker-args.resp -ObjC -lPNote -framework CoreBluetooth -framework AVFoundation -Xlinker -no_adhoc_codesign -o /Users/ginlater/Library/Developer/Xcode/DerivedData/MeiliCompanion-daaipkjjszuugjcavsddayxzipcs/Build/Intermediates.noindex/ArchiveIntermediates/MeiliCompanion/InstallationBuildProductsLocation/Applications/MeiliCompanion.app/MeiliCompanion

CopySwiftLibs /Users/ginlater/Library/Developer/Xcode/DerivedData/MeiliCompanion-daaipkjjszuugjcavsddayxzipcs/Build/Intermediates.noindex/ArchiveIntermediates/MeiliCompanion/InstallationBuildProductsLocation/Applications/MeiliCompanion.app (in target 'MeiliCompanion' from project 'MeiliCompanion')
    cd /Users/ginlater/code/persist创业/sm身美/android/gp-system/ios_app/MeiliCompanion
    builtin-swiftStdLibTool --copy --verbose --sign AC4FDE2D8DACD313F1555BDE375EBB846F17B23A --scan-executable /Users/ginlater/Library/Developer/Xcode/DerivedData/MeiliCompanion-daaipkjjszuugjcavsddayxzipcs/Build/Intermediates.noindex/ArchiveIntermediates/MeiliCompanion/InstallationBuildProductsLocation/Applications/MeiliCompanion.app/MeiliCompanion --scan-folder /Users/ginlater/Library/Developer/Xcode/DerivedData/MeiliCompanion-daaipkjjszuugjcavsddayxzipcs/Build/Intermediates.noindex/ArchiveIntermediates/MeiliCompanion/InstallationBuildProductsLocation/Applications/MeiliCompanion.app/Frameworks --scan-folder /Users/ginlater/Library/Developer/Xcode/DerivedData/MeiliCompanion-daaipkjjszuugjcavsddayxzipcs/Build/Intermediates.noindex/ArchiveIntermediates/MeiliCompanion/InstallationBuildProductsLocation/Applications/MeiliCompanion.app/PlugIns --scan-folder /Users/ginlater/Library/Developer/Xcode/DerivedData/MeiliCompanion-daaipkjjszuugjcavsddayxzipcs/Build/Intermediates.noindex/ArchiveIntermediates/MeiliCompanion/InstallationBuildProductsLocation/Applications/MeiliCompanion.app/SystemExtensions --scan-folder /Users/ginlater/Library/Developer/Xcode/DerivedData/MeiliCompanion-daaipkjjszuugjcavsddayxzipcs/Build/Intermediates.noindex/ArchiveIntermediates/MeiliCompanion/InstallationBuildProductsLocation/Applications/MeiliCompanion.app/Extensions --scan-folder /Applications/Xcode.app/Contents/Developer/Platforms/iPhoneOS.platform/Developer/SDKs/iPhoneOS26.5.sdk/System/Library/Frameworks/CoreBluetooth.framework --scan-folder /Applications/Xcode.app/Contents/Developer/Platforms/iPhoneOS.platform/Developer/SDKs/iPhoneOS26.5.sdk/System/Library/Frameworks/AVFoundation.framework --platform iphoneos --toolchain /Applications/Xcode.app/Contents/Developer/Toolchains/XcodeDefault.xctoolchain --destination /Users/ginlater/Library/Developer/Xcode/DerivedData/MeiliCompanion-daaipkjjszuugjcavsddayxzipcs/Build/Intermediates.noindex/ArchiveIntermediates/MeiliCompanion/InstallationBuildProductsLocation/Applications/MeiliCompanion.app/Frameworks --unsigned-destination /Users/ginlater/Library/Developer/Xcode/DerivedData/MeiliCompanion-daaipkjjszuugjcavsddayxzipcs/Build/Intermediates.noindex/ArchiveIntermediates/MeiliCompanion/BuildProductsPath/SwiftSupport --strip-bitcode --strip-bitcode-tool /Applications/Xcode.app/Contents/Developer/Toolchains/XcodeDefault.xctoolchain/usr/bin/bitcode_strip --emit-dependency-info /Users/ginlater/Library/Developer/Xcode/DerivedData/MeiliCompanion-daaipkjjszuugjcavsddayxzipcs/Build/Intermediates.noindex/ArchiveIntermediates/MeiliCompanion/IntermediateBuildFilesPath/MeiliCompanion.build/Release-iphoneos/MeiliCompanion.build/SwiftStdLibToolInputDependencies.dep --filter-for-swift-os --back-deploy-swift-span

ExtractAppIntentsMetadata (in target 'MeiliCompanion' from project 'MeiliCompanion')
    cd /Users/ginlater/code/persist创业/sm身美/android/gp-system/ios_app/MeiliCompanion
    /Applications/Xcode.app/Contents/Developer/Toolchains/XcodeDefault.xctoolchain/usr/bin/appintentsmetadataprocessor --toolchain-dir /Applications/Xcode.app/Contents/Developer/Toolchains/XcodeDefault.xctoolchain --module-name MeiliCompanion --sdk-root /Applications/Xcode.app/Contents/Developer/Platforms/iPhoneOS.platform/Developer/SDKs/iPhoneOS26.5.sdk --xcode-version 17F42 --platform-family iOS --deployment-target 16.0 --bundle-identifier com.aibeautyfulwomen.gongpai.ios --output /Users/ginlater/Library/Developer/Xcode/DerivedData/MeiliCompanion-daaipkjjszuugjcavsddayxzipcs/Build/Intermediates.noindex/ArchiveIntermediates/MeiliCompanion/InstallationBuildProductsLocation/Applications/MeiliCompanion.app --target-triple arm64-apple-ios16.0 --binary-file /Users/ginlater/Library/Developer/Xcode/DerivedData/MeiliCompanion-daaipkjjszuugjcavsddayxzipcs/Build/Intermediates.noindex/ArchiveIntermediates/MeiliCompanion/InstallationBuildProductsLocation/Applications/MeiliCompanion.app/MeiliCompanion --dependency-file /Users/ginlater/Library/Developer/Xcode/DerivedData/MeiliCompanion-daaipkjjszuugjcavsddayxzipcs/Build/Intermediates.noindex/ArchiveIntermediates/MeiliCompanion/IntermediateBuildFilesPath/MeiliCompanion.build/Release-iphoneos/MeiliCompanion.build/Objects-normal/arm64/MeiliCompanion_dependency_info.dat --stringsdata-file /Users/ginlater/Library/Developer/Xcode/DerivedData/MeiliCompanion-daaipkjjszuugjcavsddayxzipcs/Build/Intermediates.noindex/ArchiveIntermediates/MeiliCompanion/IntermediateBuildFilesPath/MeiliCompanion.build/Release-iphoneos/MeiliCompanion.build/Objects-normal/arm64/ExtractedAppShortcutsMetadata.stringsdata --source-file-list /Users/ginlater/Library/Developer/Xcode/DerivedData/MeiliCompanion-daaipkjjszuugjcavsddayxzipcs/Build/Intermediates.noindex/ArchiveIntermediates/MeiliCompanion/IntermediateBuildFilesPath/MeiliCompanion.build/Release-iphoneos/MeiliCompanion.build/Objects-normal/arm64/MeiliCompanion.SwiftFileList --metadata-file-list /Users/ginlater/Library/Developer/Xcode/DerivedData/MeiliCompanion-daaipkjjszuugjcavsddayxzipcs/Build/Intermediates.noindex/ArchiveIntermediates/MeiliCompanion/IntermediateBuildFilesPath/MeiliCompanion.build/Release-iphoneos/MeiliCompanion.build/MeiliCompanion.DependencyMetadataFileList --static-metadata-file-list /Users/ginlater/Library/Developer/Xcode/DerivedData/MeiliCompanion-daaipkjjszuugjcavsddayxzipcs/Build/Intermediates.noindex/ArchiveIntermediates/MeiliCompanion/IntermediateBuildFilesPath/MeiliCompanion.build/Release-iphoneos/MeiliCompanion.build/MeiliCompanion.DependencyStaticMetadataFileList --swift-const-vals-list /Users/ginlater/Library/Developer/Xcode/DerivedData/MeiliCompanion-daaipkjjszuugjcavsddayxzipcs/Build/Intermediates.noindex/ArchiveIntermediates/MeiliCompanion/IntermediateBuildFilesPath/MeiliCompanion.build/Release-iphoneos/MeiliCompanion.build/Objects-normal/arm64/MeiliCompanion.SwiftConstValuesFileList --compile-time-extraction --deployment-aware-processing --validate-assistant-intents --no-app-shortcuts-localization
2026-07-08 08:19:01.377 appintentsmetadataprocessor[33956:10524412] Starting appintentsmetadataprocessor export
2026-07-08 08:19:01.382 appintentsmetadataprocessor[33956:10524412] warning: Metadata extraction skipped. No AppIntents.framework dependency found.

GenerateDSYMFile /Users/ginlater/Library/Developer/Xcode/DerivedData/MeiliCompanion-daaipkjjszuugjcavsddayxzipcs/Build/Intermediates.noindex/ArchiveIntermediates/MeiliCompanion/BuildProductsPath/Release-iphoneos/MeiliCompanion.app.dSYM /Users/ginlater/Library/Developer/Xcode/DerivedData/MeiliCompanion-daaipkjjszuugjcavsddayxzipcs/Build/Intermediates.noindex/ArchiveIntermediates/MeiliCompanion/InstallationBuildProductsLocation/Applications/MeiliCompanion.app/MeiliCompanion (in target 'MeiliCompanion' from project 'MeiliCompanion')
    cd /Users/ginlater/code/persist创业/sm身美/android/gp-system/ios_app/MeiliCompanion
    /Applications/Xcode.app/Contents/Developer/Toolchains/XcodeDefault.xctoolchain/usr/bin/dsymutil /Users/ginlater/Library/Developer/Xcode/DerivedData/MeiliCompanion-daaipkjjszuugjcavsddayxzipcs/Build/Intermediates.noindex/ArchiveIntermediates/MeiliCompanion/InstallationBuildProductsLocation/Applications/MeiliCompanion.app/MeiliCompanion -o /Users/ginlater/Library/Developer/Xcode/DerivedData/MeiliCompanion-daaipkjjszuugjcavsddayxzipcs/Build/Intermediates.noindex/ArchiveIntermediates/MeiliCompanion/BuildProductsPath/Release-iphoneos/MeiliCompanion.app.dSYM

AppIntentsSSUTraining (in target 'MeiliCompanion' from project 'MeiliCompanion')
    cd /Users/ginlater/code/persist创业/sm身美/android/gp-system/ios_app/MeiliCompanion
    /Applications/Xcode.app/Contents/Developer/Toolchains/XcodeDefault.xctoolchain/usr/bin/appintentsnltrainingprocessor --infoplist-path /Users/ginlater/Library/Developer/Xcode/DerivedData/MeiliCompanion-daaipkjjszuugjcavsddayxzipcs/Build/Intermediates.noindex/ArchiveIntermediates/MeiliCompanion/InstallationBuildProductsLocation/Applications/MeiliCompanion.app/Info.plist --temp-dir-path /Users/ginlater/Library/Developer/Xcode/DerivedData/MeiliCompanion-daaipkjjszuugjcavsddayxzipcs/Build/Intermediates.noindex/ArchiveIntermediates/MeiliCompanion/IntermediateBuildFilesPath/MeiliCompanion.build/Release-iphoneos/MeiliCompanion.build/ssu --bundle-id com.aibeautyfulwomen.gongpai.ios --product-path /Users/ginlater/Library/Developer/Xcode/DerivedData/MeiliCompanion-daaipkjjszuugjcavsddayxzipcs/Build/Intermediates.noindex/ArchiveIntermediates/MeiliCompanion/InstallationBuildProductsLocation/Applications/MeiliCompanion.app --extracted-metadata-path /Users/ginlater/Library/Developer/Xcode/DerivedData/MeiliCompanion-daaipkjjszuugjcavsddayxzipcs/Build/Intermediates.noindex/ArchiveIntermediates/MeiliCompanion/InstallationBuildProductsLocation/Applications/MeiliCompanion.app/Metadata.appintents --deployment-postprocessing --metadata-file-list /Users/ginlater/Library/Developer/Xcode/DerivedData/MeiliCompanion-daaipkjjszuugjcavsddayxzipcs/Build/Intermediates.noindex/ArchiveIntermediates/MeiliCompanion/IntermediateBuildFilesPath/MeiliCompanion.build/Release-iphoneos/MeiliCompanion.build/MeiliCompanion.DependencyMetadataFileList --source-file /Users/ginlater/Library/Developer/Xcode/DerivedData/MeiliCompanion-daaipkjjszuugjcavsddayxzipcs/Build/Intermediates.noindex/ArchiveIntermediates/MeiliCompanion/InstallationBuildProductsLocation/Applications/MeiliCompanion.app/Info.plist --archive-ssu-assets
2026-07-08 08:19:01.417 appintentsnltrainingprocessor[33958:10524414] Parsing options for appintentsnltrainingprocessor
2026-07-08 08:19:01.417 appintentsnltrainingprocessor[33958:10524414] Starting AppIntents SSU YAML Generation
2026-07-08 08:19:01.420 appintentsnltrainingprocessor[33958:10524414] No AppShortcuts found - Skipping.

Strip /Users/ginlater/Library/Developer/Xcode/DerivedData/MeiliCompanion-daaipkjjszuugjcavsddayxzipcs/Build/Intermediates.noindex/ArchiveIntermediates/MeiliCompanion/InstallationBuildProductsLocation/Applications/MeiliCompanion.app/MeiliCompanion (in target 'MeiliCompanion' from project 'MeiliCompanion')
    cd /Users/ginlater/code/persist创业/sm身美/android/gp-system/ios_app/MeiliCompanion
    /Applications/Xcode.app/Contents/Developer/Toolchains/XcodeDefault.xctoolchain/usr/bin/strip -D /Users/ginlater/Library/Developer/Xcode/DerivedData/MeiliCompanion-daaipkjjszuugjcavsddayxzipcs/Build/Intermediates.noindex/ArchiveIntermediates/MeiliCompanion/InstallationBuildProductsLocation/Applications/MeiliCompanion.app/MeiliCompanion

SetOwnerAndGroup ginlater:staff /Users/ginlater/Library/Developer/Xcode/DerivedData/MeiliCompanion-daaipkjjszuugjcavsddayxzipcs/Build/Intermediates.noindex/ArchiveIntermediates/MeiliCompanion/InstallationBuildProductsLocation/Applications/MeiliCompanion.app (in target 'MeiliCompanion' from project 'MeiliCompanion')
    cd /Users/ginlater/code/persist创业/sm身美/android/gp-system/ios_app/MeiliCompanion
    /usr/sbin/chown -RH ginlater:staff /Users/ginlater/Library/Developer/Xcode/DerivedData/MeiliCompanion-daaipkjjszuugjcavsddayxzipcs/Build/Intermediates.noindex/ArchiveIntermediates/MeiliCompanion/InstallationBuildProductsLocation/Applications/MeiliCompanion.app

SetMode u+w,go-w,a+rX /Users/ginlater/Library/Developer/Xcode/DerivedData/MeiliCompanion-daaipkjjszuugjcavsddayxzipcs/Build/Intermediates.noindex/ArchiveIntermediates/MeiliCompanion/InstallationBuildProductsLocation/Applications/MeiliCompanion.app (in target 'MeiliCompanion' from project 'MeiliCompanion')
    cd /Users/ginlater/code/persist创业/sm身美/android/gp-system/ios_app/MeiliCompanion
    /bin/chmod -RH u+w,go-w,a+rX /Users/ginlater/Library/Developer/Xcode/DerivedData/MeiliCompanion-daaipkjjszuugjcavsddayxzipcs/Build/Intermediates.noindex/ArchiveIntermediates/MeiliCompanion/InstallationBuildProductsLocation/Applications/MeiliCompanion.app

CodeSign /Users/ginlater/Library/Developer/Xcode/DerivedData/MeiliCompanion-daaipkjjszuugjcavsddayxzipcs/Build/Intermediates.noindex/ArchiveIntermediates/MeiliCompanion/InstallationBuildProductsLocation/Applications/MeiliCompanion.app (in target 'MeiliCompanion' from project 'MeiliCompanion')
    cd /Users/ginlater/code/persist创业/sm身美/android/gp-system/ios_app/MeiliCompanion
    
    Signing Identity:     "Apple Development: Hu Yuqiao (3P2Z3NS232)"
    Provisioning Profile: "iOS Team Provisioning Profile: *"
                          (05fa538a-b7af-4325-9937-c049f20cd8a6)
    
    /usr/bin/codesign --force --sign AC4FDE2D8DACD313F1555BDE375EBB846F17B23A --entitlements /Users/ginlater/Library/Developer/Xcode/DerivedData/MeiliCompanion-daaipkjjszuugjcavsddayxzipcs/Build/Intermediates.noindex/ArchiveIntermediates/MeiliCompanion/IntermediateBuildFilesPath/MeiliCompanion.build/Release-iphoneos/MeiliCompanion.build/MeiliCompanion.app.xcent --generate-entitlement-der /Users/ginlater/Library/Developer/Xcode/DerivedData/MeiliCompanion-daaipkjjszuugjcavsddayxzipcs/Build/Intermediates.noindex/ArchiveIntermediates/MeiliCompanion/InstallationBuildProductsLocation/Applications/MeiliCompanion.app

RegisterExecutionPolicyException /Users/ginlater/Library/Developer/Xcode/DerivedData/MeiliCompanion-daaipkjjszuugjcavsddayxzipcs/Build/Intermediates.noindex/ArchiveIntermediates/MeiliCompanion/InstallationBuildProductsLocation/Applications/MeiliCompanion.app (in target 'MeiliCompanion' from project 'MeiliCompanion')
    cd /Users/ginlater/code/persist创业/sm身美/android/gp-system/ios_app/MeiliCompanion
    builtin-RegisterExecutionPolicyException /Users/ginlater/Library/Developer/Xcode/DerivedData/MeiliCompanion-daaipkjjszuugjcavsddayxzipcs/Build/Intermediates.noindex/ArchiveIntermediates/MeiliCompanion/InstallationBuildProductsLocation/Applications/MeiliCompanion.app

Validate /Users/ginlater/Library/Developer/Xcode/DerivedData/MeiliCompanion-daaipkjjszuugjcavsddayxzipcs/Build/Intermediates.noindex/ArchiveIntermediates/MeiliCompanion/InstallationBuildProductsLocation/Applications/MeiliCompanion.app (in target 'MeiliCompanion' from project 'MeiliCompanion')
    cd /Users/ginlater/code/persist创业/sm身美/android/gp-system/ios_app/MeiliCompanion
    builtin-validationUtility /Users/ginlater/Library/Developer/Xcode/DerivedData/MeiliCompanion-daaipkjjszuugjcavsddayxzipcs/Build/Intermediates.noindex/ArchiveIntermediates/MeiliCompanion/InstallationBuildProductsLocation/Applications/MeiliCompanion.app -shallow-bundle -infoplist-subpath Info.plist

Touch /Users/ginlater/Library/Developer/Xcode/DerivedData/MeiliCompanion-daaipkjjszuugjcavsddayxzipcs/Build/Intermediates.noindex/ArchiveIntermediates/MeiliCompanion/InstallationBuildProductsLocation/Applications/MeiliCompanion.app (in target 'MeiliCompanion' from project 'MeiliCompanion')
    cd /Users/ginlater/code/persist创业/sm身美/android/gp-system/ios_app/MeiliCompanion
    /usr/bin/touch -c /Users/ginlater/Library/Developer/Xcode/DerivedData/MeiliCompanion-daaipkjjszuugjcavsddayxzipcs/Build/Intermediates.noindex/ArchiveIntermediates/MeiliCompanion/InstallationBuildProductsLocation/Applications/MeiliCompanion.app

** ARCHIVE SUCCEEDED **

